Sample in Buffer,Sample in Window,TRIGGER,ila_data_tx[191:0]
Radix - UNSIGNED,UNSIGNED,UNSIGNED,HEX
0,0,0,00000000000000000000000000000000a82abd19a82abd19
1,1,0,0000000000000000000000000000000081680aa281680aa2
2,2,0,00000000000000000000000000000000f75d7a04f75d7a04
3,3,0,00000000000000000000000000000000db24955ddb24955d
4,4,0,00000000000000000000000000000000dfdffc04dfdffc04
5,5,0,00000000000000000000000000000000cdedfe3dcdedfe3d
6,6,0,00000000000000000000000000000000b5d7df02b5d7df02
7,7,0,000000000000000000000000000000004e496d8e4e496d8e
8,8,0,00000000000000000000000000000000dc3fdfe0dc3fdfe0
9,9,0,000000000000000000000000000000000c23edf10c23edf1
10,10,0,00000000000000000000000000000000792c37d8792c37d8
11,11,0,0000000000000000000000000000000024fb276e24fb276e
12,12,0,000000000000000000000000000000000fcdde3e0fcdde3e
13,13,0,0000000000000000000000000000000048e5cd0348e5cd03
14,14,0,000000000000000000000000000000003f0345ae3f0345ae
15,15,0,00000000000000000000000000000000c38e6972c38e6972
16,16,0,0000000000000000000000000000000002002dd102002dd1
17,17,0,000000000000000000000000000000005edfebca5edfebca
18,18,0,00000000000000000000000000000000b57df4a6b57df4a6
19,19,0,00000000000000000000000000000000ce16dae6ce16dae6
20,20,0,00000000000000000000000000000000b415ff22b415ff22
21,21,0,000000000000000000000000000000006eb45f9c6eb45f9c
22,22,0,000000000000000000000000000000004e4e95c84e4e95c8
23,23,0,000000000000000000000000000000002c3c5c472c3c5c47
24,24,0,000000000000000000000000000000006b2214186b221418
25,25,0,00000000000000000000000000000000ecdcd4b2ecdcd4b2
26,26,0,00000000000000000000000000000000d75c58edd75c58ed
27,27,0,000000000000000000000000000000006924160769241607
28,28,0,000000000000000000000000000000000dffb59c0dffb59c
29,29,0,0000000000000000000000000000000079dfde6879dfde68
30,30,0,00000000000000000000000000000000948ded2d948ded2d
31,31,0,000000000000000000000000000000008cf1d7bb8cf1d7bb
32,32,0,00000000000000000000000000000000a1480959a1480959
33,33,0,00000000000000000000000000000000c54f7bc6c54f7bc6
34,34,0,00000000000000000000000000000000910cb5a0910cb5a0
35,35,0,000000000000000000000000000000006e696e756e696e75
36,36,0,00000000000000000000000000000000ee2dde22ee2dde22
37,37,0,00000000000000000000000000000000460bcd0c460bcd0c
38,38,0,00000000000000000000000000000000c89aa5a9c89aa5a9
39,39,0,00000000000000000000000000000000073b0771073b0771
40,40,0,00000000000000000000000000000000fc11cc30fc11cc30
41,41,0,00000000000000000000000000000000ce360524ce360524
42,42,0,00000000000000000000000000000000e4079d3fe4079d3f
43,43,0,0000000000000000000000000000000033bc48b333bc48b3
44,44,0,00000000000000000000000000000000b51a1f2db51a1f2d
45,45,0,000000000000000000000000000000009e23519b9e23519b
46,46,0,00000000000000000000000000000000890c622b890c622b
47,47,0,0000000000000000000000000000000033e908c833e908c8
48,48,0,000000000000000000000000000000001535eb171535eb17
49,49,0,00000000000000000000000000000000243654c5243654c5
50,50,0,000000000000000000000000000000007fa7b0d17fa7b0d1
51,51,0,0000000000000000000000000000000067d65c9a67d65c9a
52,52,0,00000000000000000000000000000000fa69b47bfa69b47b
53,53,0,000000000000000000000000000000005d6dbe855d6dbe85
54,54,0,00000000000000000000000000000000049ffb55049ffb55
55,55,0,00000000000000000000000000000000fdf9fde0fdf9fde0
56,56,0,000000000000000000000000000000001edc9ed11edc9ed1
57,57,0,00000000000000000000000000000000517c797a517c797a
58,58,0,00000000000000000000000000000000025604d5025604d5
59,59,0,000000000000000000000000000000007ef19dd87ef19dd8
60,60,0,00000000000000000000000000000000276828ce276828ce
61,61,0,00000000000000000000000000000000ae3d6914ae3d6914
62,62,0,00000000000000000000000000000000e2029de4e2029de4
63,63,0,0000000000000000000000000000000030de98d330de98d3
64,64,0,00000000000000000000000000000000d49d5a1bd49d5a1b
65,65,0,0000000000000000000000000000000028f8875328f88753
66,66,0,00000000000000000000000000000000590c3423590c3423
67,67,0,0000000000000000000000000000000016e926ac16e926ac
68,68,0,0000000000000000000000000000000045e5fec345e5fec3
69,69,0,00000000000000000000000000000000f9535f72f9535f72
70,70,0,000000000000000000000000000000001cc365b11cc365b1
71,71,0,0000000000000000000000000000000030527b7c30527b7c
72,72,0,0000000000000000000000000000000084d3e5f684d3e5f6
73,73,0,0000000000000000000000000000000085db335b85db335b
74,74,0,00000000000000000000000000000000454fd567454fd567
75,75,0,00000000000000000000000000000000790ce81a790ce81a
76,76,0,0000000000000000000000000000000074e9457374e94573
77,77,0,0000000000000000000000000000000052c5c91152c5c911
78,78,0,00000000000000000000000000000000b3b147e6b3b147e6
79,79,0,000000000000000000000000000000008d1c48728d1c4872
80,80,0,0000000000000000000000000000000021a01f4121a01f41
81,81,0,00000000000000000000000000000000dd35f1abdd35f1ab
82,82,0,000000000000000000000000000000009cb658309cb65830
83,83,0,00000000000000000000000000000000f86fb664f86fb664
84,84,0,00000000000000000000000000000000bc4edfabbc4edfab
85,85,0,00000000000000000000000000000000aa1c7dd0aa1c7dd0
86,86,0,00000000000000000000000000000000005006ca005006ca
87,87,0,000000000000000000000000000000009fd2fcf69fd2fcf6
88,88,0,0000000000000000000000000000000089ebae4b89ebae4b
89,89,0,000000000000000000000000000000005394923e5394923e
90,90,0,00000000000000000000000000000000630cffc3630cffc3
91,91,0,00000000000000000000000000000000e8494fe2e8494fe2
92,92,0,00000000000000000000000000000000855fccf0855fccf0
93,93,0,000000000000000000000000000000003505e5483505e548
94,94,0,00000000000000000000000000000000962d530f962d530f
95,95,0,000000000000000000000000000000003d8b83483d8b8348
96,96,0,0000000000000000000000000000000092e2866f92e2866f
97,97,0,000000000000000000000000000000005fa094ae5fa094ae
98,98,0,00000000000000000000000000000000f5d5bce2f5d5bce2
99,99,0,000000000000000000000000000000008a487a408a487a40
100,100,0,00000000000000000000000000000000827f457b827f457b
101,101,0,0000000000000000000000000000000066e7a91566e7a915
102,102,0,000000000000000000000000000000008ae251e48ae251e4
103,103,0,000000000000000000000000000000000220f2130220f213
104,104,0,000000000000000000000000000000000ecd89d70ecd89d7
105,105,0,00000000000000000000000000000000e875e389e875e389
106,106,0,000000000000000000000000000000003542500335425003
107,107,0,00000000000000000000000000000000060af2fe060af2fe
108,108,0,000000000000000000000000000000008c9a29af8c9a29af
109,109,0,00000000000000000000000000000000917b49b2917b49b2
110,110,0,00000000000000000000000000000000ee55efbdee55efbd
111,111,0,00000000000000000000000000000000263056da263056da
112,112,0,000000000000000000000000000000009e84d1ff9e84d1ff
113,113,0,00000000000000000000000000000000c955da1fc955da1f
114,114,0,0000000000000000000000000000000007c04f5107c04f51
115,115,0,00000000000000000000000000000000dc63dca2dc63dca2
116,116,0,00000000000000000000000000000000dc082c64dc082c64
117,117,0,00000000000000000000000000000000ac3b6b0bac3b6b0b
118,118,0,000000000000000000000000000000000321fcca0321fcca
119,119,0,000000000000000000000000000000009e5d1e569e5d1e56
120,120,0,000000000000000000000000000000002934a1312934a131
121,121,0,00000000000000000000000000000000a9f6e574a9f6e574
122,122,0,00000000000000000000000000000000819be312819be312
123,123,0,00000000000000000000000000000000472bb047472bb047
124,124,0,0000000000000000000000000000000058189cd858189cd8
125,125,0,000000000000000000000000000000003672385e3672385e
126,126,0,0000000000000000000000000000000037a1c05537a1c055
127,127,0,00000000000000000000000000000000e75503d0e75503d0
128,128,0,0000000000000000000000000000000022202e2a22202e2a
129,129,0,000000000000000000000000000000006ccdea086ccdea08
130,130,0,00000000000000000000000000000000ff55d45bff55d45b
131,131,0,000000000000000000000000000000007fa048977fa04897
132,132,0,0000000000000000000000000000000097d5df3d97d5df3d
133,133,0,000000000000000000000000000000009d684d929d684d92
134,134,0,00000000000000000000000000000000c89d5defc89d5def
135,135,0,00000000000000000000000000000000f73884d6f73884d6
136,136,0,000000000000000000000000000000009b1035d99b1035d9
137,137,0,000000000000000000000000000000005bc6e64e5bc6e64e
138,138,0,0000000000000000000000000000000017a0e2bc17a0e2bc
139,139,0,000000000000000000000000000000005555808a5555808a
140,140,0,00000000000000000000000000000000f00067b2f00067b2
141,141,0,00000000000000000000000000000000d8ffca5dd8ffca5d
142,142,0,00000000000000000000000000000000de0fe674de0fe674
143,143,0,00000000000000000000000000000000bd18f2a2bd18f2a2
144,144,0,00000000000000000000000000000000eaa20984eaa20984
145,145,0,000000000000000000000000000000005404dba55404dba5
146,146,0,0000000000000000000000000000000020bddf9720bddf97
147,147,0,00000000000000000000000000000000bdaacdcdbdaacdcd
148,148,0,000000000000000000000000000000007af035c57af035c5
149,149,0,000000000000000000000000000000005528e6415528e641
150,150,0,00000000000000000000000000000000e03902bbe03902bb
151,151,0,0000000000000000000000000000000091e0ee8991e0ee89
152,152,0,000000000000000000000000000000000e1186530e118653
153,153,0,00000000000000000000000000000000481624b3481624b3
154,154,0,000000000000000000000000000000008f758fed8f758fed
155,155,0,0000000000000000000000000000000040b260f740b260f7
156,156,0,00000000000000000000000000000000ebade98bebade98b
157,157,0,00000000000000000000000000000000a493d5a2a493d5a2
158,158,0,00000000000000000000000000000000e7ff2874e7ff2874
159,159,0,00000000000000000000000000000000a27f9942a27f9942
160,160,0,0000000000000000000000000000000004e7caca04e7caca
161,161,0,000000000000000000000000000000009dc266369dc26636
162,162,0,0000000000000000000000000000000048c2ea8748c2ea87
163,163,0,000000000000000000000000000000009f12a4149f12a414
164,164,0,00000000000000000000000000000000f98787b4f98787b4
165,165,0,000000000000000000000000000000006ca4445e6ca4445e
166,166,0,000000000000000000000000000000001f6799951f679995
167,167,0,0000000000000000000000000000000031ba4aac31ba4aac
168,168,0,0000000000000000000000000000000054397e0354397e03
169,169,0,0000000000000000000000000000000030a0d71e30a0d71e
170,170,0,0000000000000000000000000000000074a5990174a59901
171,171,0,00000000000000000000000000000000b2e76aefb2e76aef
172,172,0,00000000000000000000000000000000cda23c26cda23c26
173,173,0,0000000000000000000000000000000075f4c22e75f4c22e
174,174,0,00000000000000000000000000000000625ad2ca625ad2ca
175,175,0,00000000000000000000000000000000a8f73bb6a8f73bb6
176,176,0,00000000000000000000000000000000d10b119fd10b119f
177,177,0,000000000000000000000000000000008a6ac6298a6ac629
178,178,0,00000000000000000000000000000000a26c3089a26c3089
179,179,0,0000000000000000000000000000000014ef24b314ef24b3
180,180,0,00000000000000000000000000000000a4c69feda4c69fed
181,181,0,0000000000000000000000000000000057d0d9f757d0d9f7
182,182,0,00000000000000000000000000000000e16a9e9be16a9e9b
183,183,0,00000000000000000000000000000000b15c195bb15c195b
184,184,0,000000000000000000000000000000005c4432c75c4432c7
185,185,0,00000000000000000000000000000000d419a5b0d419a5b0
186,186,0,0000000000000000000000000000000058b2b77c58b2b77c
187,187,0,00000000000000000000000000000000b62d8f36b62d8f36
188,188,0,000000000000000000000000000000005f8be0975f8be097
189,189,0,0000000000000000000000000000000085c2b1bd85c2b1bd
190,190,0,0000000000000000000000000000000015428c3a15428c3a
191,191,0,00000000000000000000000000000000640a9121640a9121
192,192,0,000000000000000000000000000000009bba1e7d9bba1e7d
193,193,0,00000000000000000000000000000000db995126db995126
194,194,0,000000000000000000000000000000007f8ac27e7f8ac27e
195,195,0,0000000000000000000000000000000037c232e737c232e7
196,196,0,00000000000000000000000000000000c762c5a2c762c5a2
197,197,0,00000000000000000000000000000000d038b174d038b174
198,198,0,00000000000000000000000000000000bae02c52bae02c52
199,199,0,000000000000000000000000000000001921eb131921eb13
200,200,0,0000000000000000000000000000000002fd14c702fd14c7
201,201,0,00000000000000000000000000000000feaea4d0feaea4d0
202,202,0,000000000000000000000000000000002f4247da2f4247da
203,203,0,000000000000000000000000000000009aaaf86f9aaaf86f
204,204,0,000000000000000000000000000000005b002c4e5b002c4e
205,205,0,0000000000000000000000000000000017cfeb1c17cfeb1c
206,206,0,00000000000000000000000000000000f564f4c0f564f4c0
207,207,0,000000000000000000000000000000003a1bcad33a1bcad3
208,208,0,00000000000000000000000000000000d153a63bd153a63b
209,209,0,000000000000000000000000000000000a4316810a431681
210,210,0,000000000000000000000000000000000a7a45d70a7a45d7
211,211,0,00000000000000000000000000000000ea657949ea657949
212,212,0,00000000000000000000000000000000f46b14cff46b14cf
213,213,0,00000000000000000000000000000000ca8cc4d4ca8cc4d4
214,214,0,00000000000000000000000000000000161151d8161151d8
215,215,0,000000000000000000000000000000001596420e1596420e
216,216,0,00000000000000000000000000000000746dbad8746dbad8
217,217,0,00000000000000000000000000000000228ff93e228ff93e
218,218,0,000000000000000000000000000000005c90fcf35c90fcf3
219,219,0,00000000000000000000000000000000c47e8e49c47e8e49
220,220,0,00000000000000000000000000000000e187503fe187503f
221,221,0,00000000000000000000000000000000312422e3312422e3
222,222,0,00000000000000000000000000000000e47faca0e47faca0
223,223,0,000000000000000000000000000000005387d3655387d365
224,224,0,00000000000000000000000000000000e3046b7be3046b7b
225,225,0,00000000000000000000000000000000504d8cf5504d8cf5
226,226,0,0000000000000000000000000000000072dde14a72dde14a
227,227,0,0000000000000000000000000000000021bcd14e21bcd14e
228,228,0,000000000000000000000000000000002d3a5a4c2d3a5a4c
229,229,0,00000000000000000000000000000000bbb1777dbbb1777d
230,230,0,00000000000000000000000000000000c99c5336c99c5336
231,231,0,0000000000000000000000000000000067a8135767a81357
232,232,0,000000000000000000000000000000005a5177615a517761
233,233,0,00000000000000000000000000000000c7725339c7725339
234,234,0,000000000000000000000000000000009031f3509031f350
235,235,0,000000000000000000000000000000009ee419629ee41962
236,236,0,000000000000000000000000000000003963b2d83963b2d8
237,237,0,0000000000000000000000000000000000d81dbe00d81dbe
238,238,0,00000000000000000000000000000000cf9e70fbcf9e70fb
239,239,0,00000000000000000000000000000000c4c9208dc4c9208d
240,240,0,0000000000000000000000000000000001d7fdb101d7fdb1
241,241,0,000000000000000000000000000000003f097efc3f097efc
242,242,0,00000000000000000000000000000000038bd76e038bd76e
243,243,0,000000000000000000000000000000001e02a93e1e02a93e
244,244,0,00000000000000000000000000000000411e81f3411e81f3
245,245,0,00000000000000000000000000000000cb615719cb615719
246,246,0,00000000000000000000000000000000b6f94102b6f94102
247,247,0,000000000000000000000000000000004feccb6e4feccb6e
248,248,0,000000000000000000000000000000003cf756fe3cf756fe
249,249,0,00000000000000000000000000000000924b21ef924b21ef
250,250,0,00000000000000000000000000000000dffedd16dffedd16
251,251,0,000000000000000000000000000000004dff7ca54dff7ca5
252,252,0,000000000000000000000000000000002ddfb6672ddfb667
253,253,0,000000000000000000000000000000004bcddfaa4bcddfaa
254,254,0,00000000000000000000000000000000dea5cdd0dea5cdd0
255,255,0,000000000000000000000000000000003d4745ca3d4745ca
256,256,0,000000000000000000000000000000008288294682882946
257,257,0,00000000000000000000000000000000369369c8369369c8
258,258,0,0000000000000000000000000000000017df7d8717df7d87
259,259,0,00000000000000000000000000000000b56db6e4b56db6e4
260,260,0,000000000000000000000000000000001e1fffe31e1fffe3
261,261,0,00000000000000000000000000000000f111fff0f111fff0
262,262,0,0000000000000000000000000000000008661ff808661ff8
263,263,0,000000000000000000000000000000003b4a91fc3b4a91fc
264,264,0,0000000000000000000000000000000001ee1e1e01ee1e1e
265,265,0,000000000000000000000000000000006f1611116f161111
266,266,0,00000000000000000000000000000000ae859666ae859666
267,267,0,0000000000000000000000000000000002556daa02556daa
268,268,0,00000000000000000000000000000000fef01ff0fef01ff0
269,269,0,000000000000000000000000000000000f68f1f80f68f1f8
270,270,0,0000000000000000000000000000000038bd081c38bd081c
271,271,0,00000000000000000000000000000000e02aab70e02aab70
272,272,0,0000000000000000000000000000000081e800f081e800f0
273,273,0,0000000000000000000000000000000037157f8837157f88
274,274,0,00000000000000000000000000000000570417c3570417c3
275,275,0,00000000000000000000000000000000f10db562f10db562
276,276,0,000000000000000000000000000000000869fe180869fe18
277,277,0,00000000000000000000000000000000db4d9f12db4d9f12
278,278,0,000000000000000000000000000000006fede9876fede987
279,279,0,000000000000000000000000000000008ef7d5a48ef7d5a4
280,280,0,00000000000000000000000000000000406b6877406b6877
281,281,0,000000000000000000000000000000006bccfd436bccfd43
282,282,0,000000000000000000000000000000006ca54e8a6ca54e8a
283,283,0,00000000000000000000000000000000ef670c52ef670c52
284,284,0,0000000000000000000000000000000036ba091336ba0913
285,285,0,0000000000000000000000000000000017c95be717c95be7
286,286,0,00000000000000000000000000000000d567c7b2d567c7b2
287,287,0,00000000000000000000000000000000c81a605dc81a605d
288,288,0,00000000000000000000000000000000d77369d4d77369d4
289,289,0,0000000000000000000000000000000019317d8819317d88
290,290,0,0000000000000000000000000000000042f456e342f456e3
291,291,0,00000000000000000000000000000000daaa91e0daaa91e0
292,292,0,000000000000000000000000000000000f001e110f001e11
293,293,0,00000000000000000000000000000000988ff116988ff116
294,294,0,000000000000000000000000000000006a30f8656a30f865
295,295,0,00000000000000000000000000000000fc448c4bfc448c4b
296,296,0,000000000000000000000000000000006e19f11e6e19f11e
297,297,0,000000000000000000000000000000005e1298615e129861
298,298,0,00000000000000000000000000000000c5179a49c5179a49
299,299,0,00000000000000000000000000000000e1254b7fe1254b7f
300,300,0,00000000000000000000000000000000717f0ef7717f0ef7
301,301,0,00000000000000000000000000000000f057886bf057886b
302,302,0,0000000000000000000000000000000048d1434c48d1434c
303,303,0,000000000000000000000000000000008f1a4a6d8f1a4a6d
304,304,0,00000000000000000000000000000000c0837e6fc0837e6f
305,305,0,0000000000000000000000000000000073b6772e73b6772e
306,306,0,00000000000000000000000000000000611fa31a611fa31a
307,307,0,000000000000000000000000000000007961d4437961d443
308,308,0,0000000000000000000000000000000064d9089a64d9089a
309,309,0,00000000000000000000000000000000fbdeeb3bfbdeeb3b
310,310,0,000000000000000000000000000000001dad64d11dad64d1
311,311,0,0000000000000000000000000000000050f39bda50f39bda
312,312,0,00000000000000000000000000000000a2890bafa2890baf
313,313,0,000000000000000000000000000000008493ea928493ea92
314,314,0,00000000000000000000000000000000c5ff341fc5ff341f
315,315,0,00000000000000000000000000000000015f96b1015f96b1
316,316,0,000000000000000000000000000000003f45cdcc3f45cdcc
317,317,0,0000000000000000000000000000000033a945c533a945c5
318,318,0,000000000000000000000000000000007511c9417511c941
319,319,0,00000000000000000000000000000000f22607cbf22607cb
320,320,0,00000000000000000000000000000000e9ce9c66e9ce9c66
321,321,0,000000000000000000000000000000002584580a2584580a
322,322,0,000000000000000000000000000000004f65967a4f65967a
323,323,0,000000000000000000000000000000000cbb6da50cbb6da5
324,324,0,000000000000000000000000000000000969fff70969fff7
325,325,0,00000000000000000000000000000000cbdd9ffbcbdd9ffb
326,326,0,00000000000000000000000000000000c6ace9fdc6ace9fd
327,327,0,0000000000000000000000000000000070c3459e70c3459e
328,328,0,00000000000000000000000000000000d0926969d0926969
329,329,0,00000000000000000000000000000000cabfedddcabfeddd
330,330,0,00000000000000000000000000000000560bf7cc560bf7cc
331,331,0,00000000000000000000000000000000019abb65019abb65
332,332,0,00000000000000000000000000000000cf2b09fbcf2b09fb
333,333,0,00000000000000000000000000000000c498cb9dc498cb9d
334,334,0,0000000000000000000000000000000011fa168811fa1688
335,335,0,00000000000000000000000000000000461d55d3461d55d3
336,336,0,00000000000000000000000000000000e890804be890804b
337,337,0,00000000000000000000000000000000653eb7de653eb7de
338,338,0,000000000000000000000000000000009b334f6d9b334f6d
339,339,0,00000000000000000000000000000000cbd56cbfcbd56cbf
340,340,0,00000000000000000000000000000000a6a81f6ba6a81f6b
341,341,0,0000000000000000000000000000000066c171bc66c171bc
342,342,0,000000000000000000000000000000006af3503a6af3503a
343,343,0,000000000000000000000000000000005c2962e15c2962e1
344,344,0,000000000000000000000000000000004429d8a14429d8a1
345,345,0,0000000000000000000000000000000009a98e2509a98e25
346,346,0,000000000000000000000000000000008bb1a00f8bb1a00f
347,347,0,00000000000000000000000000000000329c35f8329c35f8
348,348,0,000000000000000000000000000000002598265c2598265c
349,349,0,00000000000000000000000000000000af6a6eb4af6a6eb4
350,350,0,0000000000000000000000000000000042bc6e4e42bc6e4e
351,351,0,000000000000000000000000000000001a8a0e3c1a8a0e3c
352,352,0,00000000000000000000000000000000d3125802d3125802
353,353,0,000000000000000000000000000000007b47f67e7b47f67e
354,354,0,0000000000000000000000000000000035e87ba735e87ba7
355,355,0,000000000000000000000000000000008655459686554596
356,356,0,00000000000000000000000000000000e4b0096de4b0096d
357,357,0,00000000000000000000000000000000f3ecfbdff3ecfbdf
358,358,0,00000000000000000000000000000000d9374dadd9374dad
359,359,0,000000000000000000000000000000002ef72df32ef72df3
360,360,0,00000000000000000000000000000000fa6b1bd9fa6b1bd9
361,361,0,000000000000000000000000000000006d6cc3ae6d6cc3ae
362,362,0,00000000000000000000000000000000ef9f5212ef9f5212
363,363,0,0000000000000000000000000000000076c9a3d776c9a3d7
364,364,0,00000000000000000000000000000000d3f7b429d3f7b429
365,365,0,000000000000000000000000000000008b3b5ea98b3b5ea9
366,366,0,0000000000000000000000000000000022d1e54122d1e541
367,367,0,00000000000000000000000000000000dcba130bdcba130b
368,368,0,000000000000000000000000000000003c69574a3c69574a
369,369,0,00000000000000000000000000000000020dc12e020dc12e
370,370,0,000000000000000000000000000000005ed9c37a5ed9c37a
371,371,0,00000000000000000000000000000000057e8275057e8275
372,372,0,00000000000000000000000000000000dd1756e2dd1756e2
373,373,0,000000000000000000000000000000009ca521e09ca521e0
374,374,0,0000000000000000000000000000000028673d1128673d11
375,375,0,00000000000000000000000000000000894a12a6894a12a6
376,376,0,00000000000000000000000000000000d3ce5786d3ce5786
377,377,0,00000000000000000000000000000000db243144db243144
378,378,0,000000000000000000000000000000008fdfa4498fdfa449
379,379,0,00000000000000000000000000000000c0edd79fc0edd79f
380,380,0,000000000000000000000000000000008387c9498387c949
381,381,0,00000000000000000000000000000000c60467cfc60467cf
382,382,0,00000000000000000000000000000000d09d8a64d09d8a64
383,383,0,00000000000000000000000000000000aab8e26baab8e26b
384,384,0,00000000000000000000000000000000600800ec600800ec
385,385,0,0000000000000000000000000000000039fb7f8739fb7f87
386,386,0,00000000000000000000000000000000a09df7c4a09df7c4
387,387,0,0000000000000000000000000000000035b8db6135b8db61
388,388,0,00000000000000000000000000000000f6781ff9f6781ff9
389,389,0,000000000000000000000000000000004ba471fc4ba471fc
390,390,0,000000000000000000000000000000003e97801e3e97801e
391,391,0,00000000000000000000000000000000735d47f1735d47f1
392,392,0,000000000000000000000000000000004164887841648878
393,393,0,000000000000000000000000000000009b5bf3449b5bf344
394,394,0,00000000000000000000000000000000abe7b969abe7b969
395,395,0,00000000000000000000000000000000f0b258ddf0b258dd
396,396,0,0000000000000000000000000000000048adf61c48adf61c
397,397,0,00000000000000000000000000000000df23db90df23db90
398,398,0,000000000000000000000000000000007d9c2f8e7d9c2f8e
399,399,0,00000000000000000000000000000000c6e82ac0c6e82ac0
400,400,0,0000000000000000000000000000000020e5683320e56833
401,401,0,000000000000000000000000000000003d831d653d831d65
402,402,0,00000000000000000000000000000000d2e6409bd2e6409b
403,403,0,00000000000000000000000000000000aba2bbbbaba2bbbb
404,404,0,00000000000000000000000000000000b0948999b0948999
405,405,0,000000000000000000000000000000000cbcf3aa0cbcf3aa
406,406,0,00000000000000000000000000000000f96a4910f96a4910
407,407,0,00000000000000000000000000000000ecdc7fe6ecdc7fe6
408,408,0,00000000000000000000000000000000a75c07f2a75c07f2
409,409,0,00000000000000000000000000000000b6243c79b6243c79
410,410,0,00000000000000000000000000000000ef8fa204ef8fa204
411,411,0,00000000000000000000000000000000d6c0d4ddd6c0d4dd
412,412,0,0000000000000000000000000000000059f398dc59f398dc
413,413,0,0000000000000000000000000000000016990a1c16990a1c
414,414,0,00000000000000000000000000000000f5daea50f5daea50
415,415,0,00000000000000000000000000000000aa4f2472aa4f2472
416,416,0,00000000000000000000000000000000307c9f81307c9f81
417,417,0,0000000000000000000000000000000014c679c714c679c7
418,418,0,00000000000000000000000000000000f4d0a480f4d0a480
419,419,0,000000000000000000000000000000007adaa7f77adaa7f7
420,420,0,00000000000000000000000000000000f53f067bf53f067b
421,421,0,000000000000000000000000000000005a338ca55a338ca5
422,422,0,000000000000000000000000000000002745016727450167
423,423,0,000000000000000000000000000000004e292f5a4e292f5a
424,424,0,000000000000000000000000000000002c09faa72c09faa7
425,425,0,000000000000000000000000000000008b3b9d068b3b9d06
426,426,0,0000000000000000000000000000000072d188ac72d188ac
427,427,0,0000000000000000000000000000000071ba232371ba2323
428,428,0,0000000000000000000000000000000000394c5c00394c5c
429,429,0,00000000000000000000000000000000bfe0cd14bfe0cd14
430,430,0,00000000000000000000000000000000ebf195a4ebf195a4
431,431,0,0000000000000000000000000000000074b82c7774b82c77
432,432,0,0000000000000000000000000000000072e86b0372e86b03
433,433,0,0000000000000000000000000000000021a54cce21a54cce
434,434,0,00000000000000000000000000000000ad370d54ad370d54
435,435,0,00000000000000000000000000000000a3b70980a3b70980
436,436,0,00000000000000000000000000000000541f0ba7541f0ba7
437,437,0,00000000000000000000000000000000b0b18a96b0b18a96
438,438,0,00000000000000000000000000000000fcac221dfcac221d
439,439,0,000000000000000000000000000000008e632cd08e632cd0
440,440,0,0000000000000000000000000000000010285b5a10285b5a
441,441,0,0000000000000000000000000000000006e957e706e957e7
442,442,0,00000000000000000000000000000000dce5c172dce5c172
443,443,0,000000000000000000000000000000000c4343510c434351
444,444,0,00000000000000000000000000000000d91a6a62d91a6a62
445,445,0,000000000000000000000000000000001ee36c681ee36c68
446,446,0,00000000000000000000000000000000a1607f0da1607f0d
447,447,0,00000000000000000000000000000000b559c789b559c789
448,448,0,000000000000000000000000000000001e0680431e068043
449,449,0,00000000000000000000000000000000511cd7da511cd7da
450,450,0,00000000000000000000000000000000a260596fa260596f
451,451,0,0000000000000000000000000000000044e9d6de44e9d6de
452,452,0,0000000000000000000000000000000089c589fd89c589fd
453,453,0,000000000000000000000000000000005381639e5381639e
454,454,0,00000000000000000000000000000000c3075809c3075809
455,455,0,00000000000000000000000000000000a24c267ba24c267b
456,456,0,0000000000000000000000000000000074fd2ea574fd2ea5
457,457,0,0000000000000000000000000000000032ceba4732ceba47
458,458,0,0000000000000000000000000000000065b4497865b44978
459,459,0,000000000000000000000000000000008b7e9fd48b7e9fd4
460,460,0,0000000000000000000000000000000032f759e832f759e8
461,461,0,0000000000000000000000000000000035ab269535ab2695
462,462,0,000000000000000000000000000000002670dedc2670dedc
463,463,0,000000000000000000000000000000002ea09d7c2ea09d7c
464,464,0,000000000000000000000000000000008a45b8968a45b896
465,465,0,00000000000000000000000000000000e279783de279783d
466,466,0,00000000000000000000000000000000a0e4d462a0e4d462
467,467,0,000000000000000000000000000000002583d8882583d888
468,468,0,000000000000000000000000000000005f662e335f662e33
469,469,0,0000000000000000000000000000000005ba8a0505ba8a05
470,470,0,00000000000000000000000000000000ad79125dad79125d
471,471,0,00000000000000000000000000000000e394e7f4e394e7f4
472,472,0,00000000000000000000000000000000200cc27a200cc27a
473,473,0,000000000000000000000000000000003df952e53df952e5
474,474,0,0000000000000000000000000000000052dcc3a352dcc3a3
475,475,0,0000000000000000000000000000000093bc521493bc5214
476,476,0,00000000000000000000000000000000ff1a13d4ff1a13d4
477,477,0,000000000000000000000000000000000f8357280f835728
478,478,0,00000000000000000000000000000000e8c66119e8c66119
479,479,0,00000000000000000000000000000000a510a962a510a962
480,480,0,000000000000000000000000000000002726a1d82726a1d8
481,481,0,000000000000000000000000000000000e1ec50e0e1ec50e
482,482,0,000000000000000000000000000000007811712878117128
483,483,0,00000000000000000000000000000000d4765079d4765079
484,484,0,00000000000000000000000000000000d883b2c4d883b2c4
485,485,0,000000000000000000000000000000000e361db10e361db1
486,486,0,00000000000000000000000000000000380790fc380790fc
487,487,0,00000000000000000000000000000000007c4e8e007c4e8e
488,488,0,00000000000000000000000000000000ffc61c50ffc61c50
489,489,0,00000000000000000000000000000000afe09012afe09012
490,490,0,0000000000000000000000000000000052f1bef752f1bef7
491,491,0,00000000000000000000000000000000e3a83b6be3a83b6b
492,492,0,00000000000000000000000000000000401161fc401161fc
493,493,0,000000000000000000000000000000003bf6591e3bf6591e
494,494,0,0000000000000000000000000000000071bbb6e171bbb6e1
495,495,0,0000000000000000000000000000000050399fe150399fe1
496,496,0,0000000000000000000000000000000042e0a9f142e0a9f1
497,497,0,000000000000000000000000000000005aa1a1985aa1a198
498,498,0,000000000000000000000000000000007705352a7705352a
499,499,0,00000000000000000000000000000000430d3638430d3638
500,500,0,00000000000000000000000000000000da49b780da49b780
501,501,0,000000000000000000000000000000006f7fbf476f7fbf47
502,502,0,000000000000000000000000000000004eb7dba84eb7dba8
503,503,0,000000000000000000000000000000004c4f6f914c4f6f91
504,504,0,000000000000000000000000000000003d1cbece3d1cbece
505,505,0,00000000000000000000000000000000a2a06b74a2a06b74
506,506,0,000000000000000000000000000000008485ccf28485ccf2
507,507,0,00000000000000000000000000000000a5f54549a5f54549
508,508,0,00000000000000000000000000000000d75a090fd75a090f
509,509,0,0000000000000000000000000000000019275be819275be8
510,510,0,0000000000000000000000000000000022fe27b522fe27b5
511,511,0,000000000000000000000000000000000caf0e5e0caf0e5e
512,512,1,000000000000000000000000000000002962883529628835
513,513,0,0000000000000000000000000000000089d8936689d89366
514,514,0,00000000000000000000000000000000138e3f7a138e3f7a
515,515,0,00000000000000000000000000000000270003b5270003b5
516,516,0,000000000000000000000000000000000e0ffe1e0e0ffe1e
517,517,0,000000000000000000000000000000006818ff116818ff11
518,518,0,00000000000000000000000000000000ad720f86ad720f86
519,519,0,00000000000000000000000000000000e391d8c4e391d8c4
520,520,0,00000000000000000000000000000000100e0e11100e0e11
521,521,0,0000000000000000000000000000000096f8181696f81816
522,522,0,000000000000000000000000000000006dec72756dec7275
523,523,0,00000000000000000000000000000000efd701e2efd701e2
524,524,0,0000000000000000000000000000000086e90f1086e90f10
525,525,0,00000000000000000000000000000000d4e5e886d4e5e886
526,526,0,00000000000000000000000000000000d8c35534d8c35534
527,527,0,00000000000000000000000000000000fe126036fe126036
528,528,0,000000000000000000000000000000007f17e9e77f17e9e7
529,529,0,00000000000000000000000000000000e7857592e7857592
530,530,0,00000000000000000000000000000000f245126ff245126f
531,531,0,0000000000000000000000000000000069f927ee69f927ee
532,532,0,00000000000000000000000000000000ad9cfe76ad9cfe76
533,533,0,0000000000000000000000000000000013e84f2313e84f23
534,534,0,0000000000000000000000000000000037355c9c37355c9c
535,535,0,000000000000000000000000000000006716047867160478
536,536,0,000000000000000000000000000000008a059d848a059d84
537,537,0,00000000000000000000000000000000625d68e5625d68e5
538,538,0,0000000000000000000000000000000078f49d0378f49d03
539,539,0,00000000000000000000000000000000240af8ae240af8ae
540,540,0,00000000000000000000000000000000cfba2c22cfba2c22
541,541,0,0000000000000000000000000000000054d94b2c54d94b2c
542,542,0,00000000000000000000000000000000e0decedbe0decedb
543,543,0,00000000000000000000000000000000f19d747ff19d747f
544,544,0,000000000000000000000000000000007828928778289287
545,545,0,0000000000000000000000000000000084693f9484693f94
546,546,0,00000000000000000000000000000000758df3cc758df3cc
547,547,0,000000000000000000000000000000001261d9251261d925
548,548,0,0000000000000000000000000000000087e90eff87e90eff
549,549,0,00000000000000000000000000000000c475e86fc475e86f
550,550,0,000000000000000000000000000000007182554e7182554e
551,551,0,000000000000000000000000000000000026f00c0026f00c
552,552,0,00000000000000000000000000000000efeee8f9efeee8f9
553,553,0,0000000000000000000000000000000046f6650c46f6650c
554,554,0,00000000000000000000000000000000c8ebab29c8ebab29
555,555,0,00000000000000000000000000000000870490d9870490d9
556,556,0,00000000000000000000000000000000540dfe9e540dfe9e
557,557,0,00000000000000000000000000000000c0b9df59c0b9df59
558,558,0,00000000000000000000000000000000f3a88da6f3a88da6
559,559,0,00000000000000000000000000000000e91131f6e91131f6
560,560,0,00000000000000000000000000000000b5e6741bb5e6741b
561,561,0,000000000000000000000000000000001e52a2b31e52a2b3
562,562,0,00000000000000000000000000000000a133848da133848d
563,563,0,00000000000000000000000000000000357505f1357505f1
564,564,0,0000000000000000000000000000000066122d5866122d58
565,565,0,00000000000000000000000000000000aa97cb86aa97cb86
566,566,0,00000000000000000000000000000000e01d6684e01d6684
567,567,0,0000000000000000000000000000000051f09ad551f09ad5
568,568,0,000000000000000000000000000000005218bb385218bb38
569,569,0,00000000000000000000000000000000d3d229d0d3d229d0
570,570,0,000000000000000000000000000000003b2bc98a3b2bc98a
571,571,0,00000000000000000000000000000000c1d8a7a2c1d8a7a2
572,572,0,00000000000000000000000000000000d30e2654d30e2654
573,573,0,000000000000000000000000000000009b480eb09b480eb0
574,574,0,000000000000000000000000000000007bef784c7bef784c
575,575,0,0000000000000000000000000000000095b6b45d95b6b45d
576,576,0,00000000000000000000000000000000fc7fce94fc7fce94
577,577,0,000000000000000000000000000000004e07e45c4e07e45c
578,578,0,000000000000000000000000000000009c1c73949c1c7394
579,579,0,000000000000000000000000000000007830010c7830010c
580,580,0,00000000000000000000000000000000d464ff69d464ff69
581,581,0,00000000000000000000000000000000c88bcfbdc88bcfbd
582,582,0,000000000000000000000000000000003732a4da3732a4da
583,583,0,00000000000000000000000000000000971587df971587df
584,584,0,00000000000000000000000000000000ed04646ded04646d
585,585,0,00000000000000000000000000000000f7ad8b8ff7ad8b8f
586,586,0,000000000000000000000000000000008b53e2808b53e280
587,587,0,0000000000000000000000000000000042e3309742e33097
588,588,0,000000000000000000000000000000008aa054bd8aa054bd
589,589,0,000000000000000000000000000000001205d0ea1205d0ea
590,590,0,00000000000000000000000000000000b7dd4a84b7dd4a84
591,591,0,000000000000000000000000000000007f6c8e157f6c8e15
592,592,0,0000000000000000000000000000000087bf701487bf7014
593,593,0,00000000000000000000000000000000f45bb0f4f45bb0f4
594,594,0,000000000000000000000000000000002a979c8a2a979c8a
595,595,0,00000000000000000000000000000000c81d4872c81d4872
596,596,0,0000000000000000000000000000000007708f4107708f41
597,597,0,00000000000000000000000000000000cc30b0abcc30b0ab
598,598,0,000000000000000000000000000000009524aca09524aca0
599,599,0,000000000000000000000000000000006c3fe3656c3fe365
600,600,0,00000000000000000000000000000000ff23f07bff23f07b
601,601,0,000000000000000000000000000000005f9c38c55f9c38c5
602,602,0,0000000000000000000000000000000045c8201145c82011
603,603,0,00000000000000000000000000000000b9476df6b9476df6
604,604,0,0000000000000000000000000000000098c83fdb98c83fdb
605,605,0,00000000000000000000000000000000ca1763efca1763ef
606,606,0,00000000000000000000000000000000f6553836f6553836
607,607,0,000000000000000000000000000000007bb030677bb03067
608,608,0,00000000000000000000000000000000659ce4ca659ce4ca
609,609,0,00000000000000000000000000000000ab6843d6ab6843d6
610,610,0,00000000000000000000000000000000b0fd5a29b0fd5a29
611,611,0,00000000000000000000000000000000bc8e8749bc8e8749
612,612,0,00000000000000000000000000000000da70542fda70542f
613,613,0,000000000000000000000000000000003f60d0aa3f60d0aa
614,614,0,00000000000000000000000000000000e3b99aa0e3b99aa0
615,615,0,000000000000000000000000000000005018ab055018ab05
616,616,0,0000000000000000000000000000000082f220cd82f220cd
617,617,0,0000000000000000000000000000000066a9cd9566a9cd95
618,618,0,000000000000000000000000000000000ac185ec0ac185ec
619,619,0,000000000000000000000000000000000a3325570a332557
620,620,0,000000000000000000000000000000006a455f016a455f01
621,621,0,00000000000000000000000000000000bc79058fbc79058f
622,622,0,00000000000000000000000000000000aa04ed60aa04ed60
623,623,0,00000000000000000000000000000000b05dc799b05dc799
624,624,0,000000000000000000000000000000000cd4c04a0cd4c04a
625,625,0,000000000000000000000000000000001958d3de1958d3de
626,626,0,00000000000000000000000000000000a2c61b2da2c61b2d
627,627,0,0000000000000000000000000000000094b093db94b093db
628,628,0,00000000000000000000000000000000ccecbf2fccecbf2f
629,629,0,0000000000000000000000000000000035476b9a35476b9a
630,630,0,00000000000000000000000000000000d6083c8bd6083c8b
631,631,0,00000000000000000000000000000000b99b6272b99b6272
632,632,0,0000000000000000000000000000000038abf8e138abf8e1
633,633,0,000000000000000000000000000000007020bc017020bc01
634,634,0,00000000000000000000000000000000b0edaa3fb0edaa3f
635,635,0,000000000000000000000000000000001c87f0431c87f043
636,636,0,00000000000000000000000000000000507478da507478da
637,637,0,00000000000000000000000000000000a2c2841fa2c2841f
638,638,0,0000000000000000000000000000000034b295b134b295b1
639,639,0,0000000000000000000000000000000026ed9c7c26ed9c7c
640,640,0,000000000000000000000000000000008ee7e8068ee7e806
641,641,0,000000000000000000000000000000007062757c7062757c
642,642,0,00000000000000000000000000000000a0c8e216a0c8e216
643,643,0,00000000000000000000000000000000759700d5759700d5
644,644,0,00000000000000000000000000000000426d0f98426d0f98
645,645,0,000000000000000000000000000000007aefa8ca7aefa8ca
646,646,0,00000000000000000000000000000000a526d116a526d116
647,647,0,00000000000000000000000000000000773efa65773efa65
648,648,0,00000000000000000000000000000000f3136d6bf3136d6b
649,649,0,0000000000000000000000000000000049477f9c49477f9c
650,650,0,000000000000000000000000000000005fc837c85fc837c8
651,651,0,0000000000000000000000000000000025e7676725e76767
652,652,0,000000000000000000000000000000004f523a3a4f523a3a
653,653,0,000000000000000000000000000000004ca3c1414ca3c141
654,654,0,00000000000000000000000000000000ed64234bed64234b
655,655,0,00000000000000000000000000000000679bac6e679bac6e
656,656,0,000000000000000000000000000000002a4b930e2a4b930e
657,657,0,00000000000000000000000000000000687e8f48687e8f48
658,658,0,00000000000000000000000000000000bd4750afbd4750af
659,659,0,000000000000000000000000000000008a8822a28a8822a2
660,660,0,00000000000000000000000000000000f2136c84f2136c84
661,661,0,0000000000000000000000000000000059d77f7559d77f75
662,662,0,00000000000000000000000000000000f68937b2f68937b2
663,663,0,00000000000000000000000000000000dbd3f75ddbd3f75d
664,664,0,00000000000000000000000000000000dfab3b24dfab3b24
665,665,0,00000000000000000000000000000000edd0d1dfedd0d1df
666,666,0,00000000000000000000000000000000d7ca9a0dd7ca9a0d
667,667,0,0000000000000000000000000000000089661b5989661b59
668,668,0,00000000000000000000000000000000d3da93e6d3da93e6
669,669,0,00000000000000000000000000000000bb2f1f32bb2f1f32
670,670,0,0000000000000000000000000000000079da819579da8195
671,671,0,00000000000000000000000000000000048f172c048f172c
672,672,0,00000000000000000000000000000000cdf0851bcdf0851b
673,673,0,0000000000000000000000000000000025d8b52325d8b523
674,674,0,000000000000000000000000000000002f4e2e3c2f4e2e3c
675,675,0,00000000000000000000000000000000caac0a02caac0a02
676,676,0,0000000000000000000000000000000076033a5e76033a5e
677,677,0,00000000000000000000000000000000139e5175139e5175
678,678,0,00000000000000000000000000000000d7093252d7093252
679,679,0,00000000000000000000000000000000290bf5f3290bf5f3
680,680,0,00000000000000000000000000000000f9eaba59f9eaba59
681,681,0,00000000000000000000000000000000ec940976ec940976
682,682,0,00000000000000000000000000000000377cbbd3377cbbd3
683,683,0,00000000000000000000000000000000d73669abd73669ab
684,684,0,000000000000000000000000000000009917adb09917adb0
685,685,0,000000000000000000000000000000007ae553fc7ae553fc
686,686,0,000000000000000000000000000000002523033e2523033e
687,687,0,000000000000000000000000000000005f3c4e535f3c4e53
688,688,0,0000000000000000000000000000000065921c3365921c33
689,689,0,000000000000000000000000000000001b6fd0251b6fd025
690,690,0,0000000000000000000000000000000083feeaef83feeaef
691,691,0,00000000000000000000000000000000d63f6426d63f6426
692,692,0,000000000000000000000000000000007983bbae7983bbae
693,693,0,00000000000000000000000000000000e4a61992e4a61992
694,694,0,00000000000000000000000000000000f3e692aff3e692af
695,695,0,00000000000000000000000000000000a932df82a932df82
696,696,0,00000000000000000000000000000000c1f5bdc6c1f5bdc6
697,697,0,00000000000000000000000000000000931a7ac0931a7ac0
698,698,0,000000000000000000000000000000000f4365330f436533
699,699,0,0000000000000000000000000000000028aa7b3528aa7b35
700,700,0,00000000000000000000000000000000892065d6892065d6
701,701,0,00000000000000000000000000000000a3fdcb49a3fdcb49
702,702,0,00000000000000000000000000000000d43ec6efd43ec6ef
703,703,0,00000000000000000000000000000000f8a370e6f8a370e6
704,704,0,00000000000000000000000000000000ac247082ac247082
705,705,0,00000000000000000000000000000000c32f80b6c32f80b6
706,706,0,00000000000000000000000000000000e25ac7afe25ac7af
707,707,0,00000000000000000000000000000000a0f73052a0f73052
708,708,0,00000000000000000000000000000000158b14d3158b14d3
709,709,0,00000000000000000000000000000000c462c4dbc462c4db
710,710,0,00000000000000000000000000000000e188b1dfe188b1df
711,711,0,00000000000000000000000000000000d1232c0dd1232c0d
712,712,0,000000000000000000000000000000008a7c5b398a7c5b39
713,713,0,00000000000000000000000000000000b26617d0b26617d0
714,714,0,000000000000000000000000000000000dea956a0dea956a
715,715,0,0000000000000000000000000000000039d41c1c39d41c1c
716,716,0,00000000000000000000000000000000e088b030e088b030
717,717,0,00000000000000000000000000000000c1b32ce4c1b32ce4
718,718,0,00000000000000000000000000000000233d5b43233d5b43
719,719,0,000000000000000000000000000000004c5287ea4c5287ea
720,720,0,000000000000000000000000000000009d1394749d139474
721,721,0,0000000000000000000000000000000098a70c8298a70c82
722,722,0,00000000000000000000000000000000da260976da260976
723,723,0,000000000000000000000000000000002f4e9bd32f4e9bd3
724,724,0,00000000000000000000000000000000daac5babdaac5bab
725,725,0,000000000000000000000000000000009f0317909f031790
726,726,0,00000000000000000000000000000000598e454e598e454e
727,727,0,0000000000000000000000000000000016a0390c16a0390c
728,728,0,00000000000000000000000000000000e5c5e0e9e5c5e0e9
729,729,0,000000000000000000000000000000005341518553415185
730,730,0,00000000000000000000000000000000036b4225036b4225
731,731,0,000000000000000000000000000000008e7ceacf8e7ceacf
732,732,0,00000000000000000000000000000000f0264434f0264434
733,733,0,00000000000000000000000000000000e8eeb9a6e8eeb9a6
734,734,0,00000000000000000000000000000000e50648b6e50648b6
735,735,0,00000000000000000000000000000000f32cbf2ff32cbf2f
736,736,0,00000000000000000000000000000000295b6b9a295b6b9a
737,737,0,00000000000000000000000000000000d9c7fc8bd9c7fc8b
738,738,0,00000000000000000000000000000000be807e72be807e72
739,739,0,000000000000000000000000000000003b57c7213b57c721
740,740,0,00000000000000000000000000000000b1e1601db1e1601d
741,741,0,00000000000000000000000000000000ac1159f0ac1159f0
742,742,0,000000000000000000000000000000002336469823364698
743,743,0,000000000000000000000000000000004c57b8da4c57b8da
744,744,0,00000000000000000000000000000000ad11581fad11581f
745,745,0,0000000000000000000000000000000033a6467133a64671
746,746,0,00000000000000000000000000000000e516b8a0e516b8a0
747,747,0,000000000000000000000000000000005325c8255325c825
748,748,0,00000000000000000000000000000000a35f476fa35f476f
749,749,0,000000000000000000000000000000004465a83e4465a83e
750,750,0,00000000000000000000000000000000698b7163698b7163
751,751,0,000000000000000000000000000000004da2f0584da2f058
752,752,0,00000000000000000000000000000000bdf4a8d6bdf4a8d6
753,753,0,00000000000000000000000000000000badae119badae119
754,754,0,00000000000000000000000000000000893f2162893f2162
755,755,0,0000000000000000000000000000000033f39d5833f39d58
756,756,0,000000000000000000000000000000008539088685390886
757,757,0,00000000000000000000000000000000f530eb34f530eb34
758,758,0,00000000000000000000000000000000ea3484d6ea3484d6
759,759,0,000000000000000000000000000000009446f5d99446f5d9
760,760,0,000000000000000000000000000000005c98ea4e5c98ea4e
761,761,0,00000000000000000000000000000000147a047c147a047c
762,762,0,0000000000000000000000000000000094855d8694855d86
763,763,0,00000000000000000000000000000000fcf504e4fcf504e4
764,764,0,000000000000000000000000000000003e4a2dc33e4a2dc3
765,765,0,00000000000000000000000000000000c33e4bc2c33e4bc2
766,766,0,00000000000000000000000000000000b2533ea2b2533ea2
767,767,0,00000000000000000000000000000000edf35344edf35344
768,768,0,0000000000000000000000000000000097d9636997d96369
769,769,0,00000000000000000000000000000000ed6ed87ded6ed87d
770,770,0,00000000000000000000000000000000e79e7e46e79e7e46
771,771,0,000000000000000000000000000000000249273802492738
772,772,0,00000000000000000000000000000000fefffe10fefffe10
773,773,0,00000000000000000000000000000000ef6fff16ef6fff16
774,774,0,0000000000000000000000000000000056beff8556beff85
775,775,0,0000000000000000000000000000000001cb6fc501cb6fc5
776,776,0,000000000000000000000000000000006f06fee16f06fee1
777,777,0,000000000000000000000000000000005e8cef615e8cef61
778,778,0,00000000000000000000000000000000c55146b9c55146b9
779,779,0,00000000000000000000000000000000110248c8110248c8
780,780,0,00000000000000000000000000000000066eff17066eff17
781,781,0,000000000000000000000000000000002cae6f852cae6f85
782,782,0,000000000000000000000000000000003b622ec53b622ec5
783,783,0,0000000000000000000000000000000071f8ca7171f8ca71
784,784,0,00000000000000000000000000000000c01c1660c01c1660
785,785,0,0000000000000000000000000000000083f035a983f035a9
786,786,0,000000000000000000000000000000002638e6712638e671
787,787,0,00000000000000000000000000000000ee8002a0ee8002a0
788,788,0,000000000000000000000000000000005657fe855657fe85
789,789,0,0000000000000000000000000000000001b17f5501b17f55
790,790,0,00000000000000000000000000000000ff3c57a0ff3c57a0
791,791,0,000000000000000000000000000000005f9211555f921155
792,792,0,00000000000000000000000000000000d5cfd640d5cfd640
793,793,0,00000000000000000000000000000000a844e9bba844e9bb
794,794,0,00000000000000000000000000000000b159c5b9b159c5b9
795,795,0,000000000000000000000000000000002c4681782c468178
796,796,0,00000000000000000000000000000000ab18d754ab18d754
797,797,0,00000000000000000000000000000000a0c21920a0c21920
798,798,0,00000000000000000000000000000000f592d2fdf592d2fd
799,799,0,000000000000000000000000000000006a6fbbae6a6fbbae
800,800,0,00000000000000000000000000000000ec6ed992ec6ed992
801,801,0,00000000000000000000000000000000f70e7eaff70e7eaf
802,802,0,00000000000000000000000000000000ab082742ab082742
803,803,0,0000000000000000000000000000000000cb6e2a00cb6e2a
804,804,0,000000000000000000000000000000007f96fe087f96fe08
805,805,0,00000000000000000000000000000000f7cdef1bf7cdef1b
806,806,0,000000000000000000000000000000003b65d6833b65d683
807,807,0,0000000000000000000000000000000081fb49d681fb49d6
808,808,0,00000000000000000000000000000000a71def89a71def89
809,809,0,000000000000000000000000000000001600d6c31600d6c3
810,810,0,00000000000000000000000000000000d59f99f2d59f99f2
811,811,0,000000000000000000000000000000008869ca998869ca99
812,812,0,00000000000000000000000000000000134d861a134d861a
813,813,0,00000000000000000000000000000000476de493476de493
814,814,0,00000000000000000000000000000000a83fd3ffa83fd3ff
815,815,0,00000000000000000000000000000000d163eb3fd163eb3f
816,816,0,000000000000000000000000000000002a5834d32a5834d3
817,817,0,00000000000000000000000000000000d87666dbd87666db
818,818,0,00000000000000000000000000000000ee43aaffee43aaff
819,819,0,00000000000000000000000000000000f63a102ff63a102f
820,820,0,000000000000000000000000000000002b8156ea2b8156ea
821,821,0,00000000000000000000000000000000a88741e4a88741e4
822,822,0,0000000000000000000000000000000011342b1311342b13
823,823,0,000000000000000000000000000000000676a8c70676a8c7
824,824,0,00000000000000000000000000000000fca3c110fca3c110
825,825,0,00000000000000000000000000000000ee642366ee642366
826,826,0,00000000000000000000000000000000262bac7a262bac7a
827,827,0,000000000000000000000000000000003e8893053e889305
828,828,0,00000000000000000000000000000000b3533f4db3533f4d
829,829,0,00000000000000000000000000000000fd6353adfd6353ad
830,830,0,000000000000000000000000000000003e9863133e986313
831,831,0,00000000000000000000000000000000135a4847135a4847
832,832,0,0000000000000000000000000000000077677f5877677f58
833,833,0,00000000000000000000000000000000a33a37a6a33a37a6
834,834,0,00000000000000000000000000000000c4514756c4514756
835,835,0,000000000000000000000000000000000192482101924821
836,836,0,00000000000000000000000000000000af2fff6daf2fff6d
837,837,0,00000000000000000000000000000000d29affbfd29affbf
838,838,0,00000000000000000000000000000000ab9b2fdbab9b2fdb
839,839,0,00000000000000000000000000000000d08bdaefd08bdaef
840,840,0,00000000000000000000000000000000fab2af26fab2af26
841,841,0,000000000000000000000000000000006d0d829e6d0d829e
842,842,0,00000000000000000000000000000000dfa9e699dfa9e699
843,843,0,000000000000000000000000000000003dd192da3dd192da
844,844,0,0000000000000000000000000000000092ca2fbf92ca2fbf
845,845,0,000000000000000000000000000000008fb64adb8fb64adb
846,846,0,00000000000000000000000000000000c0dfbe3fc0dfbe3f
847,847,0,00000000000000000000000000000000239ddb03239ddb03
848,848,0,000000000000000000000000000000000c08cfce0c08cfce
849,849,0,00000000000000000000000000000000b93b14e4b93b14e4
850,850,0,0000000000000000000000000000000018f1c4c318f1c4c3
851,851,0,00000000000000000000000000000000d20801d2d20801d2
852,852,0,00000000000000000000000000000000abdb7f0babdb7f0b
853,853,0,0000000000000000000000000000000000aff78a00aff78a
854,854,0,00000000000000000000000000000000dfa2fb42dfa2fb42
855,855,0,000000000000000000000000000000003dd4adea3dd4adea
856,856,0,00000000000000000000000000000000a2c8e3d4a2c8e3d4
857,857,0,0000000000000000000000000000000024b7002824b70028
858,858,0,00000000000000000000000000000000ffef0fe9ffef0fe9
859,859,0,000000000000000000000000000000005ff688f55ff688f5
860,860,0,0000000000000000000000000000000075fbd30a75fbd30a
861,861,0,00000000000000000000000000000000625dab4a625dab4a
862,862,0,0000000000000000000000000000000028f4f0ee28f4f0ee
863,863,0,00000000000000000000000000000000890ac886890ac886
864,864,0,00000000000000000000000000000000f3ea3734f3ea3734
865,865,0,00000000000000000000000000000000e9344716e9344716
866,866,0,0000000000000000000000000000000055f6980555f69805
867,867,0,00000000000000000000000000000000805bda7d805bda7d
868,868,0,00000000000000000000000000000000d7d7af66d7d7af66
869,869,0,00000000000000000000000000000000396952ba396952ba
870,870,0,00000000000000000000000000000000f0ddc389f0ddc389
871,871,0,00000000000000000000000000000000389cc203389cc203
872,872,0,00000000000000000000000000000000003852de003852de
873,873,0,00000000000000000000000000000000afe053bdafe053bd
874,874,0,0000000000000000000000000000000002f1d31a02f1d31a
875,875,0,000000000000000000000000000000004ea80b434ea80b43
876,876,0,000000000000000000000000000000007c417aea7c417aea
877,877,0,00000000000000000000000000000000861b5524861b5524
878,878,0,00000000000000000000000000000000c493e03fc493e03f
879,879,0,0000000000000000000000000000000021ff31e321ff31e3
880,880,0,00000000000000000000000000000000ed1f9410ed1f9410
881,881,0,00000000000000000000000000000000e7a1ccb6e7a1ccb6
882,882,0,00000000000000000000000000000000f255056ff255056f
883,883,0,0000000000000000000000000000000069f02d1e69f02d1e
884,884,0,000000000000000000000000000000005d98eba15d98eba1
885,885,0,0000000000000000000000000000000004ea049504ea0495
886,886,0,000000000000000000000000000000003dc45dfc3dc45dfc
887,887,0,0000000000000000000000000000000002c194de02c194de
888,888,0,00000000000000000000000000000000aeb32cddaeb32cdd
889,889,0,00000000000000000000000000000000624d5b5c624d5b5c
890,890,0,0000000000000000000000000000000088fd87e488fd87e4
891,891,0,00000000000000000000000000000000030ee473030ee473
892,892,0,000000000000000000000000000000006e4863816e486381
893,893,0,000000000000000000000000000000003e3f48073e3f4807
894,894,0,000000000000000000000000000000002303af7c2303af7c
895,895,0,000000000000000000000000000000008c4e12b68c4e12b6
896,896,0,00000000000000000000000000000000c11c178fc11c178f
897,897,0,000000000000000000000000000000009360354093603540
898,898,0,000000000000000000000000000000008f79e60b8f79e60b
899,899,0,0000000000000000000000000000000010b4929a10b4929a
900,900,0,00000000000000000000000000000000c6aeff9bc6aeff9b
901,901,0,00000000000000000000000000000000a0c26fcba0c26fcb
902,902,0,00000000000000000000000000000000c592eee6c592eee6
903,903,0,00000000000000000000000000000000b16fa662b16fa662
904,904,0,000000000000000000000000000000002c5ed6a82c5ed6a8
905,905,0,000000000000000000000000000000007b1579c17b1579c1
906,906,0,0000000000000000000000000000000075c4148375c41483
907,907,0,00000000000000000000000000000000a241b4f6a241b4f6
908,908,0,0000000000000000000000000000000094fb3ecb94fb3ecb
909,909,0,00000000000000000000000000000000dccdd376dccdd376
910,910,0,000000000000000000000000000000002c55cb732c55cb73
911,911,0,000000000000000000000000000000007b1046f17b1046f1
912,912,0,0000000000000000000000000000000045c6d8e845c6d8e8
913,913,0,000000000000000000000000000000000940fe050940fe05
914,914,0,00000000000000000000000000000000abcb8f1dabcb8f1d
915,915,0,00000000000000000000000000000000a0a68080a0a68080
916,916,0,0000000000000000000000000000000055a6d7b755a6d7b7
917,917,0,00000000000000000000000000000000a076f95fa076f95f
918,918,0,0000000000000000000000000000000075c3ecc575c3ecc5
919,919,0,000000000000000000000000000000005242375152423751
920,920,0,00000000000000000000000000000000f3fac722f3fac722
921,921,0,00000000000000000000000000000000493d301c493d301c
922,922,0,00000000000000000000000000000000dff2b4f0dff2b4f0
923,923,0,000000000000000000000000000000001df98ec81df98ec8
924,924,0,0000000000000000000000000000000000dca07700dca077
925,925,0,000000000000000000000000000000004f9c65c34f9c65c3
926,926,0,00000000000000000000000000000000fcc80b42fcc80b42
927,927,0,000000000000000000000000000000002e577aea2e577aea
928,928,0,00000000000000000000000000000000aa313524aa313524
929,929,0,00000000000000000000000000000000d044763fd044763f
930,930,0,000000000000000000000000000000002ad983832ad98383
931,931,0,00000000000000000000000000000000883ea606883ea606
932,932,0,000000000000000000000000000000007363469c7363469c
933,933,0,00000000000000000000000000000000417868d8417868d8
934,934,0,000000000000000000000000000000003b544d1e3b544d1e
935,935,0,0000000000000000000000000000000071e09da171e09da1
936,936,0,000000000000000000000000000000001011b8f51011b8f5
937,937,0,0000000000000000000000000000000056f6380a56f6380a
938,938,0,0000000000000000000000000000000071eb807a71eb807a
939,939,0,00000000000000000000000000000000101487c5101487c5
940,940,0,0000000000000000000000000000000066f4f46166f4f461
941,941,0,00000000000000000000000000000000daeaca89daeaca89
942,942,0,000000000000000000000000000000002f2436132f243613
943,943,0,000000000000000000000000000000001a9fa7971a9fa797
944,944,0,00000000000000000000000000000000a319d64da319d64d
945,945,0,00000000000000000000000000000000f44289bdf44289bd
946,946,0,000000000000000000000000000000002a9a93ba2a9a93ba
947,947,0,00000000000000000000000000000000f81b1f19f81b1f19
948,948,0,00000000000000000000000000000000ac73c182ac73c182
949,949,0,00000000000000000000000000000000c3012326c3012326
950,950,0,00000000000000000000000000000000724f7c5e724f7c5e
951,951,0,0000000000000000000000000000000011fcb61511fcb615
952,952,0,00000000000000000000000000000000b61e6f94b61e6f94
953,953,0,000000000000000000000000000000006f912ecc6f912ecc
954,954,0,000000000000000000000000000000001ece7a751ece7a75
955,955,0,00000000000000000000000000000000d1742562d1742562
956,956,0,000000000000000000000000000000001a52af181a52af18
957,957,0,00000000000000000000000000000000d3738282d3738282
958,958,0,00000000000000000000000000000000fb710696fb710696
959,959,0,00000000000000000000000000000000ddf06cddddf06cdd
960,960,0,000000000000000000000000000000005cd8cf5c5cd8cf5c
961,961,0,00000000000000000000000000000000945e14a4945e14a4
962,962,0,000000000000000000000000000000004c9514e74c9514e7
963,963,0,00000000000000000000000000000000fd7c24c2fd7c24c2
964,964,0,00000000000000000000000000000000ae962fd2ae962fd2
965,965,0,00000000000000000000000000000000925d8aeb925d8aeb
966,966,0,00000000000000000000000000000000fff4e224fff4e224
967,967,0,00000000000000000000000000000000fffac0cffffac0cf
968,968,0,00000000000000000000000000000000cffd3394cffd3394
969,969,0,0000000000000000000000000000000054feb50c54feb50c
970,970,0,00000000000000000000000000000000c0cf4e29c0cf4e29
971,971,0,000000000000000000000000000000008394ac098394ac09
972,972,0,00000000000000000000000000000000860ce33b860ce33b
973,973,0,000000000000000000000000000000002499405124994051
974,974,0,00000000000000000000000000000000cffacbd2cffacbd2
975,975,0,00000000000000000000000000000000a4fd36aba4fd36ab
976,976,0,00000000000000000000000000000000a7ceb7c0a7ceb7c0
977,977,0,0000000000000000000000000000000016644f6316644f63
978,978,0,0000000000000000000000000000000075ab9cb875ab9cb8
979,979,0,000000000000000000000000000000004270886842708868
980,980,0,000000000000000000000000000000008ae0b34d8ae0b34d
981,981,0,00000000000000000000000000000000e221ad6de221ad6d
982,982,0,00000000000000000000000000000000f0cd339ff0cd339f
983,983,0,000000000000000000000000000000009895b5099895b509
984,984,0,000000000000000000000000000000008a3c7e2b8a3c7e2b
985,985,0,000000000000000000000000000000003242070832420708
986,986,0,00000000000000000000000000000000d5fadc0bd5fadc0b
987,987,0,00000000000000000000000000000000385d3c3a385d3c3a
988,988,0,000000000000000000000000000000007054b2217054b221
989,989,0,0000000000000000000000000000000090d0edcd90d0edcd
990,990,0,000000000000000000000000000000006e9a87c56e9a87c5
991,991,0,000000000000000000000000000000005e5b14615e5b1461
992,992,0,00000000000000000000000000000000c537c489c537c489
993,993,0,00000000000000000000000000000000213761f3213761f3
994,994,0,00000000000000000000000000000000fd773919fd773919
995,995,0,00000000000000000000000000000000ae9310e2ae9310e2
996,996,0,00000000000000000000000000000000a25f4680a25f4680
997,997,0,0000000000000000000000000000000054f5a8d754f5a8d7
998,998,0,00000000000000000000000000000000c0ca7119c0ca7119
999,999,0,00000000000000000000000000000000b3966062b3966062
1000,1000,0,000000000000000000000000000000002d0da9c82d0da9c8
1001,1001,0,000000000000000000000000000000001ba9f1871ba9f187
1002,1002,0,00000000000000000000000000000000b3919824b3919824
1003,1003,0,00000000000000000000000000000000dd0e2a6fdd0e2a6f
1004,1004,0,000000000000000000000000000000007ca8086e7ca8086e
1005,1005,0,0000000000000000000000000000000026617b4e26617b4e
1006,1006,0,000000000000000000000000000000002ea955ec2ea955ec
1007,1007,0,000000000000000000000000000000001a41c0571a41c057
1008,1008,0,00000000000000000000000000000000637b03d1637b03d1
1009,1009,0,000000000000000000000000000000006875ce2a6875ce2a
1010,1010,0,000000000000000000000000000000004d4244084d424408
1011,1011,0,00000000000000000000000000000000ed8af9bbed8af9bb
1012,1012,0,0000000000000000000000000000000097e22cb997e22cb9
1013,1013,0,000000000000000000000000000000003d70cb683d70cb68
1014,1014,0,00000000000000000000000000000000b29096fdb29096fd
1015,1015,0,000000000000000000000000000000004d9ebdee4d9ebdee
1016,1016,0,00000000000000000000000000000000bde94ad6bde94ad6
1017,1017,0,00000000000000000000000000000000bad5ce39bad5ce39
1018,1018,0,00000000000000000000000000000000a9384400a9384400
1019,1019,0,00000000000000000000000000000000d1f059bfd1f059bf
1020,1020,0,00000000000000000000000000000000aa18d6bbaa18d6bb
1021,1021,0,00000000000000000000000000000000b05219c9b05219c9
1022,1022,0,000000000000000000000000000000005cd3d2875cd3d287
1023,1023,0,00000000000000000000000000000000945b2b94945b2b94
