Sample in Buffer,Sample in Window,TRIGGER,mgt_sfp_inst/ila_data_rx[191:0]
Radix - UNSIGNED,UNSIGNED,UNSIGNED,HEX
0,0,0,000000000000000000030000000000ff9bf511809bf51180
1,1,0,000000000000000000030000000000ff4bba26274bba2627
2,2,0,000000000000000000030000000000ff3e994e8e3e994e8e
3,3,0,000000000000000000030000000000ffe35acc50e35acc50
4,4,0,000000000000000000030000000000ffa0673512a0673512
5,5,0,000000000000000000030000000000ff55ca162755ca1627
6,6,0,000000000000000000030000000000ff3046558e3046558e
7,7,0,000000000000000000030000000000ffe4d8b060e4d8b060
8,8,0,000000000000000000030000000000ff93de2cc993de2cc9
9,9,0,000000000000000000030000000000ff4f2d0b574f2d0b57
10,10,0,000000000000000000030000000000ff4c9baae14c9baae1
11,11,0,000000000000000000030000000000ff4d7b90214d7b9021
12,12,0,000000000000000000030000000000ff8d958eed8d958eed
13,13,0,000000000000000000030000000000ff41ec606741ec6067
14,14,0,000000000000000000030000000000ff7b1709ca7b1709ca
15,15,0,000000000000000000030000000000ffa5c50b86a5c50b86
16,16,0,000000000000000000030000000000ffe7412a84e7412a84
17,17,0,000000000000000000030000000000ff522b7815522b7815
18,18,0,000000000000000000030000000000ff93c8f47493c8f474
19,19,0,000000000000000000030000000000ff9f270a829f270a82
20,20,0,000000000000000000030000000000ffd99e0a16d99e0a16
21,21,0,000000000000000000030000000000ff4ea91a554ea91a55
22,22,0,000000000000000000030000000000ffdc41e370dc41e370
23,23,0,000000000000000000030000000000ff9c1b10709c1b1070
24,24,0,000000000000000000030000000000ffb833c6c0b833c6c0
25,25,0,000000000000000000030000000000ff186520f3186520f3
26,26,0,000000000000000000030000000000ffe24b3d89e24b3d89
27,27,0,000000000000000000030000000000ff30fed2e330fed2e3
28,28,0,000000000000000000030000000000ffe48f7ba0e48f7ba0
29,29,0,000000000000000000030000000000ff53f0b59553f0b595
30,30,0,000000000000000000030000000000ff1338ae6c1338ae6c
31,31,0,000000000000000000030000000000ff8750222f8750222f
32,32,0,000000000000000000030000000000ff1422ecca1422ecca
33,33,0,000000000000000000030000000000ff94aca75694aca756
34,34,0,000000000000000000030000000000ff2ce366212ce36621
35,35,0,000000000000000000030000000000ffbb407a8dbb407a8d
36,36,0,000000000000000000030000000000ff39ebc51139ebc511
37,37,0,000000000000000000030000000000ff8094a1268094a126
38,38,0,000000000000000000030000000000ff57bce57e57bce57e
39,39,0,000000000000000000030000000000ff215a4317215a4317
40,40,0,000000000000000000030000000000ff3d477a453d477a45
41,41,0,000000000000000000030000000000fff2883579f2883579
42,42,0,000000000000000000030000000000ffc9936614c9936614
43,43,0,000000000000000000030000000000ffd7af7a94d7af7a94
44,44,0,000000000000000000030000000000ff5952b51c5952b51c
45,45,0,000000000000000000030000000000ffd6c38e20d6c38e20
46,46,0,000000000000000000030000000000ffc9f2000dc9f2000d
47,47,0,000000000000000000030000000000ff8799dff98799dff9
48,48,0,000000000000000000030000000000ff744a8dfc744a8dfc
49,49,0,000000000000000000030000000000ff229e11de229e11de
50,50,0,000000000000000000030000000000ffbc99160dbc99160d
51,51,0,000000000000000000030000000000ffba7ae599ba7ae599
52,52,0,000000000000000000030000000000ff0965236a0965236a
53,53,0,000000000000000000030000000000ff3bdb3c7c3bdb3c7c
54,54,0,000000000000000000030000000000ff81afd20681afd206
55,55,0,000000000000000000030000000000ff7732ebdc7732ebdc
56,56,0,000000000000000000030000000000ff0315a4ac0315a4ac
57,57,0,000000000000000000030000000000ff4e4477e34e4477e3
58,58,0,000000000000000000030000000000ffdc398370dc398370
59,59,0,000000000000000000030000000000ff9c20a6709c20a670
60,60,0,000000000000000000030000000000ffb82da6a0b82da6a0
61,61,0,000000000000000000030000000000ff786bf6c5786bf6c5
62,62,0,000000000000000000030000000000ff544cbbf1544cbbf1
63,63,0,000000000000000000030000000000ff509d69b8509d69b8
64,64,0,000000000000000000030000000000ff52b89db852b89db8
65,65,0,000000000000000000030000000000ff538838f8538838f8
66,66,0,000000000000000000030000000000ff1303600c1303600c
67,67,0,000000000000000000030000000000ffe74e79f9e74e79f9
68,68,0,000000000000000000030000000000ff422c249c422c249c
69,69,0,000000000000000000030000000000ff5acb2ff85acb2ff8
70,70,0,000000000000000000030000000000ff1736dafc1736dafc
71,71,0,000000000000000000030000000000ff1517ff2e1517ff2e
72,72,0,000000000000000000030000000000ff54257f9a54257f9a
73,73,0,000000000000000000030000000000ffe0af17cbe0af17cb
74,74,0,000000000000000000030000000000ffe1a28566e1a28566
75,75,0,000000000000000000030000000000ff2134951a2134951a
76,76,0,000000000000000000030000000000ff5d76fc235d76fc23
77,77,0,000000000000000000030000000000ff1493ee2c1493ee2c
78,78,0,000000000000000000030000000000ffc4ff360bc4ff360b
79,79,0,000000000000000000030000000000ff31cf979a31cf979a
80,80,0,000000000000000000030000000000ffd404cd4bd404cd4b
81,81,0,000000000000000000030000000000ff78bdd58e78bdd58e
82,82,0,000000000000000000030000000000ffc42ac860c42ac860
83,83,0,000000000000000000030000000000ff81a8374981a83749
84,84,0,000000000000000000030000000000ffc731672fc731672f
85,85,0,000000000000000000030000000000ff30145a1a30145a1a
86,86,0,000000000000000000030000000000ff54f4975354f49753
87,87,0,000000000000000000030000000000ff60cafd2360cafd23
88,88,0,000000000000000000030000000000ff09962ebc09962ebc
89,89,0,000000000000000000030000000000ff5bad8a4a5bad8a4a
90,90,0,000000000000000000030000000000ff3793e27e3793e27e
91,91,0,000000000000000000030000000000ff174f30e7174f30e7
92,92,0,000000000000000000030000000000ffd52c9482d52c9482
93,93,0,000000000000000000030000000000fff83b7cf6f83b7cf6
94,94,0,000000000000000000030000000000ffbc61f64bbc61f64b
95,95,0,000000000000000000030000000000ff4a091bbe4a091bbe
96,96,0,000000000000000000030000000000ffee5be39bee5be39b
97,97,0,000000000000000000030000000000ffb637b00bb637b00b
98,98,0,000000000000000000030000000000ff0f875cfa0f875cfa
99,99,0,000000000000000000030000000000ffa8c4244da8c4244d
100,100,0,000000000000000000030000000000fff111af9df111af9d
101,101,0,000000000000000000030000000000ff086632c8086632c8
102,102,0,000000000000000000030000000000ff0b4a85b70b4a85b7
103,103,0,000000000000000000030000000000ff8aee157f8aee157f
104,104,0,000000000000000000030000000000ff4226141742261417
105,105,0,000000000000000000030000000000ff0ace94b50ace94b5
106,106,0,000000000000000000030000000000ff1a345cee1a345cee
107,107,0,000000000000000000030000000000ff9346944693469446
108,108,0,000000000000000000030000000000ff3f68dc983f68dc98
109,109,0,000000000000000000030000000000ff43bd1c7a43bd1c7a
110,110,0,000000000000000000030000000000ff0a1aa0050a1aa005
111,111,0,000000000000000000030000000000ffaa5305fdaa5305fd
112,112,0,000000000000000000030000000000ff40734d5e40734d5e
113,113,0,000000000000000000030000000000ff0bc16d850bc16d85
114,114,0,000000000000000000030000000000ff2aa35fe52aa35fe5
115,115,0,000000000000000000030000000000ff580465f3580465f3
116,116,0,000000000000000000030000000000ffc67d8b59c67d8b59
117,117,0,000000000000000000030000000000fff0a6e2e6f0a6e2e6
118,118,0,000000000000000000030000000000ffa8a6e0a2a8a6e0a2
119,119,0,000000000000000000030000000000ffe126e1a4e126e1a4
120,120,0,000000000000000000030000000000ff717ee137717ee137
121,121,0,000000000000000000030000000000ff3057617730576177
122,122,0,000000000000000000030000000000ff54d1395354d13953
123,123,0,000000000000000000030000000000ff60da70c360da70c3
124,124,0,000000000000000000030000000000ffe99f6092e99f6092
125,125,0,000000000000000000030000000000fff5a9b9bff5a9b9bf
126,126,0,000000000000000000030000000000ffba71b8bbba71b8bb
127,127,0,000000000000000000030000000000ffb9603829b9603829
128,128,0,000000000000000000030000000000ffb8d9e069b8d9e069
129,129,0,000000000000000000030000000000fff81e91cdf81e91cd
130,130,0,000000000000000000030000000000ff5c715e055c715e05
131,131,0,000000000000000000030000000000ff8400451d8400451d
132,132,0,000000000000000000030000000000ffb5bfd920b5bfd920
133,133,0,000000000000000000030000000000fffe7beefdfe7beefd
134,134,0,000000000000000000030000000000ff6f25b66e6f25b66e
135,135,0,000000000000000000030000000000ff2e9f7fae2e9f7fae
136,136,0,000000000000000000030000000000ffca59b7d2ca59b7d2
137,137,0,000000000000000000030000000000ffa676bf6ba676bf6b
138,138,0,000000000000000000030000000000ff66a3cbbc66a3cbbc
139,139,0,000000000000000000030000000000ff6ac4269a6ac4269a
140,140,0,000000000000000000030000000000fffc31aedbfc31aedb
141,141,0,000000000000000000030000000000fffe24327ffe24327f
142,142,0,000000000000000000030000000000ff7f0fa5e77f0fa5e7
143,143,0,000000000000000000030000000000ffe788d752e788d752
144,144,0,000000000000000000030000000000ff3243192332431923
145,145,0,000000000000000000030000000000ff25fa42fc25fa42fc
146,146,0,000000000000000000030000000000ff0f5d7aae0f5d7aae
147,147,0,000000000000000000030000000000ffd8a49502d8a49502
148,148,0,000000000000000000030000000000ff7e27fc2e7e27fc2e
149,149,0,000000000000000000030000000000ff670e7e2a670e7e2a
150,150,0,000000000000000000030000000000ff4a0827084a082708
151,151,0,000000000000000000030000000000ffee5b6e0bee5b6e0b
152,152,0,000000000000000000030000000000ff2637fe1a2637fe1a
153,153,0,000000000000000000030000000000ff5e877f135e877f13
154,154,0,000000000000000000030000000000ff2554378725543787
155,155,0,000000000000000000030000000000ffaf00a744af00a744
156,156,0,000000000000000000030000000000ffb28fa629b28fa629
157,157,0,000000000000000000030000000000ffbd90d689bd90d689
158,158,0,000000000000000000030000000000ff1aee99d31aee99d3
159,159,0,000000000000000000030000000000ffc3265a8bc3265a8b
160,160,0,000000000000000000030000000000ffb25eb712b25eb712
161,161,0,000000000000000000030000000000ff5df54f075df54f07
162,162,0,000000000000000000030000000000ff14da0c8c14da0c8c
163,163,0,000000000000000000030000000000ff64df597164df5971
164,164,0,000000000000000000030000000000ffcbdda6d0cbdda6d0
165,165,0,000000000000000000030000000000ff36acf6fa36acf6fa
166,166,0,000000000000000000030000000000ffb7c34bedb7c34bed
167,167,0,000000000000000000030000000000ff5f626eb75f626eb7
168,168,0,000000000000000000030000000000ffa5b8ee4fa5b8ee4f
169,169,0,000000000000000000030000000000ff6778063c6778063c
170,170,0,000000000000000000030000000000ffea347c82ea347c82
171,171,0,000000000000000000030000000000ffe4468676e4468676
172,172,0,000000000000000000030000000000ff3398d4a33398d4a3
173,173,0,000000000000000000030000000000ffa50a18e4a50a18e4
174,174,0,000000000000000000030000000000ff172a5203172a5203
175,175,0,000000000000000000030000000000ff151873de151873de
176,176,0,000000000000000000030000000000ffa422412da422412d
177,177,0,000000000000000000030000000000ff97acfb7b97acfb7b
178,178,0,000000000000000000030000000000ff6d534df56d534df5
179,179,0,000000000000000000030000000000ff6f836dda6f836dda
180,180,0,000000000000000000030000000000ffbec67fcfbec67fcf
181,181,0,000000000000000000030000000000ffeb70a7e4eb70a7e4
182,182,0,000000000000000000030000000000ff34f0a67334f0a673
183,183,0,000000000000000000030000000000ff76c8a6a176c8a6a1
184,184,0,000000000000000000030000000000ff13f726c513f726c5
185,185,0,000000000000000000030000000000ff673b1ef1673b1ef1
186,186,0,000000000000000000030000000000ff4a11c1684a11c168
187,187,0,000000000000000000030000000000ff8e56035d8e56035d
188,188,0,000000000000000000030000000000fff0319e64f0319e64
189,189,0,000000000000000000030000000000ffb8e4292bb8e4292b
190,190,0,000000000000000000030000000000ff2803a9f82803a9f8
191,191,0,000000000000000000030000000000ff297e119c297e119c
192,192,0,000000000000000000030000000000ff69d7162869d71628
193,193,0,000000000000000000030000000000ffdd890589dd890589
194,194,0,000000000000000000030000000000ff2ce3ed632ce3ed63
195,195,0,000000000000000000030000000000ff6b4037986b403798
196,196,0,000000000000000000030000000000ff6cebe74a6cebe74a
197,197,0,000000000000000000030000000000ff2f44b22e2f44b22e
198,198,0,000000000000000000030000000000ff4aa9edca4aa9edca
199,199,0,000000000000000000030000000000ffbe0197c6be0197c6
200,200,0,000000000000000000030000000000ffab1f2d60ab1f2d60
201,201,0,000000000000000000030000000000ffb0c19b99b0c19b99
202,202,0,000000000000000000030000000000ff0c932b8a0c932b8a
203,203,0,000000000000000000030000000000ffd97f5882d97f5882
204,204,0,000000000000000000030000000000fffed7a636fed7a636
205,205,0,000000000000000000030000000000ff7f7956877f795687
206,206,0,000000000000000000030000000000ff87b4c1d487b4c1d4
207,207,0,000000000000000000030000000000ff345ed308345ed308
208,208,0,000000000000000000030000000000ffd6957b4bd6957b4b
209,209,0,000000000000000000030000000000ff79dc15ee79dc15ee
210,210,0,000000000000000000030000000000ffa48c3456a48c3456
211,211,0,000000000000000000030000000000ff37f1269137f12691
212,212,0,000000000000000000030000000000ff07787ede07787ede
213,213,0,000000000000000000030000000000ffac34477dac34477d
214,214,0,000000000000000000030000000000ffc3269836c3269836
215,215,0,000000000000000000030000000000ff625eda67625eda67
216,216,0,000000000000000000030000000000ff68f57f6a68f57f6a
217,217,0,000000000000000000030000000000ff0d0a17bc0d0a17bc
218,218,0,000000000000000000030000000000ff59aa555a59aa555a
219,219,0,000000000000000000030000000000ff26b0700726b07007
220,220,0,000000000000000000030000000000ff2eccc0fc2eccc0fc
221,221,0,000000000000000000030000000000ff0a75538e0a75538e
222,222,0,000000000000000000030000000000fffa620300fa620300
223,223,0,000000000000000000030000000000fffd68de4ffd68de4f
224,224,0,000000000000000000030000000000ff4e9d1d3c4e9d1d3c
225,225,0,000000000000000000030000000000fffc58a0b2fc58a0b2
226,226,0,000000000000000000030000000000ffde1625adde1625ad
227,227,0,000000000000000000030000000000ff2d158f732d158f73
228,228,0,000000000000000000030000000000ff7ba460b17ba460b1
229,229,0,000000000000000000030000000000ff059789ac059789ac
230,230,0,000000000000000000030000000000ff4d6d43b34d6d43b3
231,231,0,000000000000000000030000000000ff8d9f8a1d8d9f8a1d
232,232,0,000000000000000000030000000000ffb1e9c250b1e9c250
233,233,0,000000000000000000030000000000ff8c1582f28c1582f2
234,234,0,000000000000000000030000000000ffa13466a9a13466a9
235,235,0,000000000000000000030000000000ff35768ac135768ac1
236,236,0,000000000000000000030000000000ff5613d2335613d233
237,237,0,000000000000000000030000000000ff01972bc501972bc5
238,238,0,000000000000000000030000000000ff6f2d18a16f2d18a1
239,239,0,000000000000000000030000000000ff1e9ba2251e9ba225
240,240,0,000000000000000000030000000000ff815b94cf815b94cf
241,241,0,000000000000000000030000000000fff7478cd4f7478cd4
242,242,0,000000000000000000030000000000ff0b2841580b284158
243,243,0,000000000000000000030000000000ff9ad95b469ad95b46
244,244,0,000000000000000000030000000000ff3b3ec7e83b3ec7e8
245,245,0,000000000000000000030000000000ff31d3707531d37075
246,246,0,000000000000000000030000000000ffc40b70c2c40b70c2
247,247,0,000000000000000000030000000000ffb1baf092b1baf092
248,248,0,000000000000000000030000000000ffdc3928bfdc3928bf
249,249,0,000000000000000000030000000000ffac20f92bac20f92b
250,250,0,000000000000000000030000000000ff232d8cf8232d8cf8
251,251,0,000000000000000000030000000000ff2c5be14c2c5be14c
252,252,0,000000000000000000030000000000ffbb17b14dbb17b14d
253,253,0,000000000000000000030000000000fff9c55c4df9c55c4d
254,254,0,000000000000000000030000000000ffdc81041ddc81041d
255,255,0,000000000000000000030000000000ff9c776db09c776db0
256,256,0,000000000000000000030000000000ff78033ffc78033ffc
257,257,0,000000000000000000030000000000ff247e53fe247e53fe
258,258,0,000000000000000000030000000000ff9f87333f9f87333f
259,259,0,000000000000000000030000000000ff09c4155309c41553
260,260,0,000000000000000000030000000000ff4b81b4034b81b403
261,261,0,000000000000000000030000000000ff3e873ebe3e873ebe
262,262,0,000000000000000000030000000000ffd354134bd354134b
263,263,0,000000000000000000030000000000ff7b60b76e7b60b76e
264,264,0,000000000000000000030000000000ff25f9af3e25f9af3e
265,265,0,000000000000000000030000000000ff5f5cb2935f5cb293
266,266,0,000000000000000000030000000000ffa5a46d9fa5a46d9f
267,267,0,000000000000000000030000000000ffb7778fe9b7778fe9
268,268,0,000000000000000000030000000000ff7f3340f57f3340f5
269,269,0,000000000000000000030000000000ff67956b8a67956b8a
270,270,0,000000000000000000030000000000ffea4c1c82ea4c1c82
271,271,0,000000000000000000030000000000ffe47d3076e47d3076
272,272,0,000000000000000000030000000000ff3386b4c33386b4c3
273,273,0,000000000000000000030000000000ffc504ced2c504ced2
274,274,0,000000000000000000030000000000ffa12dd47ba12dd47b
275,275,0,000000000000000000030000000000ff757bc885757bc885
276,276,0,000000000000000000030000000000ff1215a7351215a735
277,277,0,000000000000000000030000000000ff97d4761697d47616
278,278,0,000000000000000000030000000000ff6d6883956d688395
279,279,0,000000000000000000030000000000ff0f9d360c0f9d360c
280,280,0,000000000000000000030000000000ffe8c8b799e8c8b799
281,281,0,000000000000000000030000000000ff25172f4a25172f4a
282,282,0,000000000000000000030000000000ff0f251aae0f251aae
283,283,0,000000000000000000030000000000ffd89f2302d89f2302
284,284,0,000000000000000000030000000000ff7e399c4e7e399c4e
285,285,0,000000000000000000030000000000ff0700a81c0700a81c
286,286,0,000000000000000000030000000000fffc0fa170fc0fa170
287,287,0,000000000000000000030000000000ff8e38d5508e38d550
288,288,0,000000000000000000030000000000ff9000180290001802
289,289,0,000000000000000000030000000000ff5efff27e5efff27e
290,290,0,000000000000000000030000000000ff256ff9e7256ff9e7
291,291,0,000000000000000000030000000000ffcf1efc92cf1efc92
292,292,0,000000000000000000030000000000ffe4816e7fe4816e7f
293,293,0,000000000000000000030000000000ff73f75e2773f75e27
294,294,0,000000000000000000030000000000ff213b250e213b250e
295,295,0,000000000000000000030000000000ff6d71df286d71df28
296,296,0,000000000000000000030000000000ffdf900d99df900d99
297,297,0,000000000000000000030000000000ff3dcef9ea3dcef9ea
298,298,0,000000000000000000030000000000ffa2c46c94a2c46c94
299,299,0,000000000000000000030000000000ff64b18f7c64b18f7c
300,300,0,000000000000000000030000000000ffabec20b6abec20b6
301,301,0,000000000000000000030000000000ffd0b72dafd0b72daf
302,302,0,000000000000000000030000000000ffbaaf1bf2baaf1bf2
303,303,0,000000000000000000030000000000ffb90283b9b90283b9
304,304,0,000000000000000000030000000000ff28ee961828ee9618
305,305,0,000000000000000000030000000000ffc9065d92c9065d92
306,306,0,000000000000000000030000000000ffe7ecb4efe7ecb4ef
307,307,0,000000000000000000030000000000ffe2776ec6e2776ec6
308,308,0,000000000000000000030000000000ff80e33e7080e33e70
309,309,0,000000000000000000030000000000ffb7805320b7805320
310,310,0,000000000000000000030000000000ffff47d35dff47d35d
311,311,0,000000000000000000030000000000ffcfa86b64cfa86b64
312,312,0,000000000000000000030000000000ffa4d14cfba4d14cfb
313,313,0,000000000000000000030000000000fff7da4d4df7da4d4d
314,314,0,000000000000000000030000000000ffdb6f7d8ddb6f7d8d
315,315,0,000000000000000000030000000000ff0ffeb6e10ffeb6e1
316,316,0,000000000000000000030000000000ff68ff4fe168ff4fe1
317,317,0,000000000000000000030000000000ff5d0facf15d0facf1
318,318,0,000000000000000000030000000000ff54a8d34854a8d348
319,319,0,000000000000000000030000000000ffa0e11b6fa0e11b6f
320,320,0,000000000000000000030000000000ff458163fe458163fe
321,321,0,000000000000000000030000000000ffa967583fa967583f
322,322,0,000000000000000000030000000000ff11da266311da2663
323,323,0,000000000000000000030000000000ff760f4ea8760f4ea8
324,324,0,000000000000000000030000000000ff5398ac415398ac41
325,325,0,000000000000000000030000000000ffe30a231be30a231b
326,326,0,000000000000000000030000000000ff304a4c43304a4c43
327,327,0,000000000000000000030000000000ff44de7d1a44de7d1a
328,328,0,000000000000000000030000000000ff69dd26a369dd26a3
329,329,0,000000000000000000030000000000ff8d8cbec48d8cbec4
330,330,0,000000000000000000030000000000ff21e16b7121e16b71
331,331,0,000000000000000000030000000000ffed115cf0ed115cf0
332,332,0,000000000000000000030000000000ff07a6444807a64448
333,333,0,000000000000000000030000000000ff8c56b99f8c56b99f
334,334,0,000000000000000000030000000000ffa111c8a9a111c8a9
335,335,0,000000000000000000030000000000ff3566072135660721
336,336,0,000000000000000000030000000000ffb61a9c1db61a9c1d
337,337,0,000000000000000000030000000000ffaf931830af931830
338,338,0,000000000000000000030000000000ffe2cf4264e2cf4264
339,339,0,000000000000000000030000000000ffb0b4aaebb0b4aaeb
340,340,0,000000000000000000030000000000ffecaee024ecaee024
341,341,0,000000000000000000030000000000fff76261eff76261ef
342,342,0,000000000000000000030000000000ffeb38e916eb38e916
343,343,0,000000000000000000030000000000ff54d005e554d005e5
344,344,0,000000000000000000030000000000ff60dafd5360dafd53
345,345,0,000000000000000000030000000000ff799f2e83799f2e83
346,346,0,000000000000000000030000000000ffa4a99a56a4a99a56
347,347,0,000000000000000000030000000000ff37e1ab7137e1ab71
348,348,0,000000000000000000030000000000ffe77130f0e77130f0
349,349,0,000000000000000000030000000000ff0230748802307488
350,350,0,000000000000000000030000000000ff4ec4c2f34ec4c2f3
351,351,0,000000000000000000030000000000ffcc71d2a9cc71d2a9
352,352,0,000000000000000000030000000000ff05000b8105000b81
353,353,0,000000000000000000030000000000ff0d2ffa870d2ffa87
354,354,0,000000000000000000030000000000ffb9bafd14b9bafd14
355,355,0,000000000000000000030000000000ffe8b92ea4e8b92ea4
356,356,0,000000000000000000030000000000ff7528fa477528fa47
357,357,0,000000000000000000030000000000ff42390d7842390d78
358,358,0,000000000000000000030000000000ff9ac0e9949ac0e994
359,359,0,000000000000000000030000000000ff7b3385ac7b3385ac
360,360,0,000000000000000000030000000000ff75d5057375d50573
361,361,0,000000000000000000030000000000ff52482d1152482d11
362,362,0,000000000000000000030000000000ffb3ff6ba6b3ff6ba6
363,363,0,000000000000000000030000000000ffcd3fbc96cd3fbc96
364,364,0,000000000000000000030000000000ffc5b3da7dc5b3da7d
365,365,0,000000000000000000030000000000fff17d2f66f17d2f66
366,366,0,000000000000000000030000000000ff2856baba2856baba
367,367,0,000000000000000000030000000000fff951c909f951c909
368,368,0,000000000000000000030000000000ffbcc207ebbcc207eb
369,369,0,000000000000000000030000000000ffea52dc74ea52dc74
370,370,0,000000000000000000030000000000ffa473bc02a473bc02
371,371,0,000000000000000000030000000000ff47811a3e47811a3e
372,372,0,000000000000000000030000000000ff6847634368476343
373,373,0,000000000000000000030000000000ff6d58386a6d58386a
374,374,0,000000000000000000030000000000ff0f86604c0f86604c
375,375,0,000000000000000000030000000000ffa8c4a9dda8c4a9dd
376,376,0,000000000000000000030000000000ff6111e18c6111e18c
377,377,0,000000000000000000030000000000ff5966112159661121
378,378,0,000000000000000000030000000000ff86da967d86da967d
379,379,0,000000000000000000030000000000ffd4ff1da6d4ff1da6
380,380,0,000000000000000000030000000000fff8cf80f6f8cf80f6
381,381,0,000000000000000000030000000000ffbc14c78bbc14c78b
382,382,0,000000000000000000030000000000ff8a34d0428a34d042
383,383,0,000000000000000000030000000000ff1246dada1246dada
384,384,0,000000000000000000030000000000ff87f8ff3f87f8ff3f
385,385,0,000000000000000000030000000000ff047c0f93047c0f93
386,386,0,000000000000000000030000000000ff8d8638cf8d8638cf
387,387,0,000000000000000000030000000000fff1e48014f1e48014
388,388,0,000000000000000000030000000000ffc813f7f4c813f7f4
389,389,0,000000000000000000030000000000ff37773b7a37773b7a
390,390,0,000000000000000000030000000000ff373311f5373311f5
391,391,0,000000000000000000030000000000ff4715461a4715461a
392,392,0,000000000000000000030000000000ff6804089368040893
393,393,0,000000000000000000030000000000ffbd7dbb3fbd7dbb3f
394,394,0,000000000000000000030000000000ff1a96f9d31a96f9d3
395,395,0,000000000000000000030000000000ffc31dec8bc31dec8b
396,396,0,000000000000000000030000000000ffb240d772b240d772
397,397,0,000000000000000000030000000000ff3dfb99313dfb9931
398,398,0,000000000000000000030000000000ffa2dd8af4a2dd8af4
399,399,0,000000000000000000030000000000ff04bce22a04bce22a
400,400,0,000000000000000000030000000000ff7dea40c87dea40c8
401,401,0,000000000000000000030000000000ff36d47b9736d47b97
402,402,0,000000000000000000030000000000ffb7f8858db7f8858d
403,403,0,000000000000000000030000000000ff3f7c35613f7c3561
404,404,0,000000000000000000030000000000fff3b62619f3b62619
405,405,0,000000000000000000030000000000ffa91f8e92a91f8e92
406,406,0,000000000000000000030000000000ffd1e1c05fd1e1c05f
407,407,0,000000000000000000030000000000ff4a1103d54a1103d5
408,408,0,000000000000000000030000000000ff5e566e285e566e28
409,409,0,000000000000000000030000000000ffc531ae09c531ae09
410,410,0,000000000000000000030000000000ffa134321ba134321b
411,411,0,000000000000000000030000000000ff1576a5d31576a5d3
412,412,0,000000000000000000030000000000ffc413c74bc413c74b
413,413,0,000000000000000000030000000000ff71b7202e71b7202e
414,414,0,000000000000000000030000000000ff603f1dea603f1dea
415,415,0,000000000000000000030000000000ff89e380d489e380d4
416,416,0,000000000000000000030000000000ff3390079833900798
417,417,0,000000000000000000030000000000ff450efc4a450efc4a
418,418,0,000000000000000000030000000000ff39286e1e39286e1e
419,419,0,000000000000000000030000000000ff70f94e1170f94e11
420,420,0,000000000000000000030000000000ffa08ccc16a08ccc16
421,421,0,000000000000000000030000000000ff75b1553575b15535
422,422,0,000000000000000000030000000000ffa27c4036a27c4036
423,423,0,000000000000000000030000000000ff54e61be754e61be7
424,424,0,000000000000000000030000000000fff0c293b2f0c293b2
425,425,0,000000000000000000030000000000ffd8929f1dd8929f1d
426,426,0,000000000000000000030000000000ff9e3f99809e3f9980
427,427,0,000000000000000000030000000000ff4903caa74903caa7
428,428,0,000000000000000000030000000000ffbfee2606bfee2606
429,429,0,000000000000000000030000000000ff6bf60e9c6bf60e9c
430,430,0,000000000000000000030000000000ff4cbb98584cbb9858
431,431,0,000000000000000000030000000000ffbd698a56bd698a56
432,432,0,000000000000000000030000000000ff3a9da2713a9da271
433,433,0,000000000000000000030000000000ffe118f4e0e118f4e0
434,434,0,000000000000000000030000000000ff11620ac111620ac1
435,435,0,000000000000000000030000000000ff4658da334658da33
436,436,0,000000000000000000030000000000ff08b61f4508b61f45
437,437,0,000000000000000000030000000000ffeb2f91a9eb2f91a9
438,438,0,000000000000000000030000000000ff14dace3114dace31
439,439,0,000000000000000000030000000000ffb4df3404b4df3404
440,440,0,000000000000000000030000000000fffedd96bdfedd96bd
441,441,0,000000000000000000030000000000ff2f7cedca2f7cedca
442,442,0,000000000000000000030000000000ff8ab647c68ab647c6
443,443,0,000000000000000000030000000000ffb20fb860b20fb860
444,444,0,000000000000000000030000000000ffbdd8d849bdd8d849
445,445,0,000000000000000000030000000000ffdace1e5fdace1e5f
446,446,0,000000000000000000030000000000ff4f3411354f341135
447,447,0,000000000000000000030000000000ffbc96b676bc96b676
448,448,0,000000000000000000030000000000ff1a7dcfa31a7dcfa3
449,449,0,000000000000000000030000000000ffb366c4d4b366c4d4
450,450,0,000000000000000000030000000000ff2d7af1d82d7af1d8
451,451,0,000000000000000000030000000000ff0b95280e0b95280e
452,452,0,000000000000000000030000000000ff7a8c39787a8c3978
453,453,0,000000000000000000030000000000ff851120d4851120d4
454,454,0,000000000000000000030000000000ff35267d9835267d98
455,455,0,000000000000000000030000000000ff463ea6ea463ea6ea
456,456,0,000000000000000000030000000000ff988346e4988346e4
457,457,0,000000000000000000030000000000ff0a3668e30a3668e3
458,458,0,000000000000000000030000000000fffa47ad00fa47ad00
459,459,0,000000000000000000030000000000fffd7853affd7853af
460,460,0,000000000000000000030000000000ffae945312ae945312
461,461,0,000000000000000000030000000000ff525c9347525c9347
462,462,0,000000000000000000030000000000ff53f47f6853f47f68
463,463,0,000000000000000000030000000000ff833a87bd833a87bd
464,464,0,000000000000000000030000000000ff1651145a1651145a
465,465,0,000000000000000000030000000000ff05b2649705b26497
466,466,0,000000000000000000030000000000ffad7debfdad7debfd
467,467,0,000000000000000000030000000000ff4396d4be4396d4be
468,468,0,000000000000000000030000000000ffea0df8ebea0df8eb
469,469,0,000000000000000000030000000000ffc459dc04c459dc04
470,470,0,000000000000000000030000000000ffc1968c3dc1968c3d
471,471,0,000000000000000000030000000000ffb32dd122b32dd122
472,472,0,000000000000000000030000000000ff6d5bca7c6d5bca7c
473,473,0,000000000000000000030000000000ffaf87a666af87a666
474,474,0,000000000000000000030000000000ff02c456aa02c456aa
475,475,0,000000000000000000030000000000fffeb191c0feb191c0
476,476,0,000000000000000000030000000000ff3f4c2e033f4c2e03
477,477,0,000000000000000000030000000000ff03ad2a1e03ad2a1e
478,478,0,000000000000000000030000000000ff6e13b8516e13b851
479,479,0,000000000000000000030000000000ffee171852ee171852
480,480,0,000000000000000000030000000000ff3615025336150253
481,481,0,000000000000000000030000000000ff57942ef357942ef3
482,482,0,000000000000000000030000000000ffc14caa69c14caa69
483,483,0,000000000000000000030000000000ffc34d606dc34d606d
484,484,0,000000000000000000030000000000ffe26d99cfe26d99cf
485,485,0,000000000000000000030000000000ffc0efea84c0efea84
486,486,0,000000000000000000030000000000ff4386f4154386f415
487,487,0,000000000000000000030000000000ff9a04eab49a04eab4
488,488,0,000000000000000000030000000000ff5b5dc40e5b5dc40e
489,489,0,000000000000000000030000000000ff57e4c1b857e4c1b8
490,490,0,000000000000000000030000000000ff5173d3385173d338
491,491,0,000000000000000000030000000000ffd2512b50d2512b50
492,492,0,000000000000000000030000000000ffbbf278e2bbf278e2
493,493,0,000000000000000000030000000000ffa9b9e400a9b9e400
494,494,0,000000000000000000030000000000ffd1b893bfd1b893bf
495,495,0,000000000000000000030000000000ffaa383f1baa383f1b
496,496,0,000000000000000000030000000000ff1040638310406383
497,497,0,000000000000000000030000000000ff96dbc80696dbc806
498,498,0,000000000000000000030000000000ff7dffa77c7dffa77c
499,499,0,000000000000000000030000000000ffa6dfd636a6dfd636
500,500,0,000000000000000000030000000000ff56fde98756fde987
501,501,0,000000000000000000030000000000ff91eed5a491eed5a4
502,502,0,000000000000000000030000000000ff4e1678774e167877
503,503,0,000000000000000000030000000000ff6c15a4436c15a443
504,504,0,000000000000000000030000000000ff6f34779a6f34779a
505,505,0,000000000000000000030000000000fffe96834bfe96834b
506,506,0,000000000000000000030000000000ff6f5dd66e6f5dd66e
507,507,0,000000000000000000030000000000ff2ea4c9ae2ea4c9ae
508,508,0,000000000000000000030000000000ffca47d7b2ca47d7b2
509,509,0,000000000000000000030000000000ffc678695dc678695d
510,510,0,000000000000000000030000000000ffd0a44dc4d0a44dc4
511,511,0,000000000000000000030000000000ff0aa79dc10aa79dc1
512,512,1,000000000000000000030000000000ff4a0648c34a0648c3
513,513,0,000000000000000000030000000000fffe5cbf12fe5cbf12
514,514,0,000000000000000000030000000000ff7f346b877f346b87
515,515,0,000000000000000000030000000000ff87968c8487968c84
516,516,0,000000000000000000030000000000ff644dd175644dd175
517,517,0,000000000000000000030000000000ffeb9dca52eb9dca52
518,518,0,000000000000000000030000000000ff3488c6733488c673
519,519,0,000000000000000000030000000000ff76f310a176f310a1
520,520,0,000000000000000000030000000000ff13e946a513e946a5
521,521,0,000000000000000000030000000000ff0735c8c70735c8c7
522,522,0,000000000000000000030000000000fffc164710fc164710
523,523,0,000000000000000000030000000000ffee35b806ee35b806
524,524,0,000000000000000000030000000000ff4606787c4606787c
525,525,0,000000000000000000030000000000ffb89ca446b89ca446
526,526,0,000000000000000000030000000000ff2838679828386798
527,527,0,000000000000000000030000000000ff49604a4a49604a4a
528,528,0,000000000000000000030000000000ff3fd9de7e3fd9de7e
529,529,0,000000000000000000030000000000ff13ee8d2713ee8d27
530,530,0,000000000000000000030000000000ff173651be173651be
531,531,0,000000000000000000030000000000ffc517b23bc517b23b
532,532,0,000000000000000000030000000000ff01255dc101255dc1
533,533,0,000000000000000000030000000000ff4f7f04c34f7f04c3
534,534,0,000000000000000000030000000000fffcb78dd2fcb78dd2
535,535,0,000000000000000000030000000000ffbe6f41cbbe6f41cb
536,536,0,000000000000000000030000000000ffcb2eab06cb2eab06
537,537,0,000000000000000000030000000000ff56da40cc56da40cc
538,538,0,000000000000000000030000000000ff01ff7b9501ff7b95
539,539,0,000000000000000000030000000000ff3f1fb58c3f1fb58c
540,540,0,000000000000000000030000000000ff7381de617381de61
541,541,0,000000000000000000030000000000ffd1070d29d1070d29
542,542,0,000000000000000000030000000000ff8a6c09b98a6c09b9
543,543,0,000000000000000000030000000000ff326f3bb8326f3bb8
544,544,0,000000000000000000030000000000ff65ee919865ee9198
545,545,0,000000000000000000030000000000ff6b565e2a6b565e2a
546,546,0,000000000000000000030000000000ff4ce1b5084ce1b508
547,547,0,000000000000000000030000000000ffed413e2bed413e2b
548,548,0,000000000000000000030000000000ff078b7308078b7308
549,549,0,000000000000000000030000000000ffcc42f14bcc42f14b
550,550,0,000000000000000000030000000000ff751aa84e751aa84e
551,551,0,000000000000000000030000000000ff0223015c0223015c
552,552,0,000000000000000000030000000000ffbecc4f44becc4f44
553,553,0,000000000000000000030000000000ffbb751ca9bb751ca9
554,554,0,000000000000000000030000000000ff39f2206139f22061
555,555,0,000000000000000000030000000000fff099cdc9f099cdc9
556,556,0,000000000000000000030000000000ff78ba85c778ba85c7
557,557,0,000000000000000000030000000000ffc4291540c4291540
558,558,0,000000000000000000030000000000ffa1a9e40ba1a9e40b
559,559,0,000000000000000000030000000000ff053193ba053193ba
560,560,0,000000000000000000030000000000ffed342f19ed342f19
561,561,0,000000000000000000030000000000ffa7b6aa82a7b6aa82
562,562,0,000000000000000000030000000000ffc65fc016c65fc016
563,563,0,000000000000000000030000000000ff40b5e3f540b5e3f5
564,564,0,000000000000000000030000000000ff7bae503a7bae503a
565,565,0,000000000000000000030000000000ff559232e1559232e1
566,566,0,000000000000000000030000000000ff406fc5a1406fc5a1
567,567,0,000000000000000000030000000000ff0bcee1750bcee175
568,568,0,000000000000000000030000000000ffdaa46152daa46152
569,569,0,000000000000000000030000000000ff2f0789432f078943
570,570,0,000000000000000000030000000000ff4a8c43ca4a8c43ca
571,571,0,000000000000000000030000000000ffbe111a26be111a26
572,572,0,000000000000000000030000000000ff4b16634e4b16634e
573,573,0,000000000000000000030000000000ff1ec5a86c1ec5a86c
574,574,0,000000000000000000030000000000ff8171714f8171714f
575,575,0,000000000000000000030000000000ff7750504c7750504c
576,576,0,000000000000000000030000000000ff9322d2dd9322d2dd
577,577,0,000000000000000000030000000000ff7f5cbbbc7f5cbbbc
578,578,0,000000000000000000030000000000ff67a4699a67a4699a
579,579,0,000000000000000000030000000000fffa578dabfa578dab
580,580,0,000000000000000000030000000000ff8d7141f08d7141f0
581,581,0,000000000000000000030000000000ff31904b1831904b18
582,582,0,000000000000000000030000000000ffc42edec2c42edec2
583,583,0,000000000000000000030000000000ffb1aa7d72b1aa7d72
584,584,0,000000000000000000030000000000ff3c3066913c306691
585,585,0,000000000000000000030000000000ff0224cade0224cade
586,586,0,000000000000000000030000000000ffaecfd63daecfd63d
587,587,0,000000000000000000030000000000ff8274e9828274e982
588,588,0,000000000000000000030000000000ffd6e2c5a6d6e2c5a6
589,589,0,000000000000000000030000000000fff9e0b176f9e0b176
590,590,0,000000000000000000030000000000ff3c91ac533c91ac53
591,591,0,000000000000000000030000000000ff527e3313527e3313
592,592,0,000000000000000000030000000000ff23e7054723e70547
593,593,0,000000000000000000030000000000ff6c320d086c320d08
594,594,0,000000000000000000030000000000ffff25d9abff25d9ab
595,595,0,000000000000000000030000000000ff8f9f4eb08f9f4eb0
596,596,0,000000000000000000030000000000ff70c9ac4c70c9ac4c
597,597,0,000000000000000000030000000000ff9097b31d9097b31d
598,598,0,000000000000000000030000000000ffbebd5d40bebd5d40
599,599,0,000000000000000000030000000000ff9b4a848b9b4a848b
600,600,0,000000000000000000030000000000ff9bee15f29bee15f2
601,601,0,000000000000000000030000000000ffabb61459abb61459
602,602,0,000000000000000000030000000000ffc09f9496c09f9496
603,603,0,000000000000000000030000000000ffc3b9ccfdc3b9ccfd
604,604,0,000000000000000000030000000000ff7218854e7218854e
605,605,0,000000000000000000030000000000ff01d2350c01d2350c
606,606,0,000000000000000000030000000000ffef0bc629ef0bc629
607,607,0,000000000000000000030000000000ff968aa089968aa089
608,608,0,000000000000000000030000000000ff0dd205b30dd205b3
609,609,0,000000000000000000030000000000ffa9cbdd7da9cbdd7d
610,610,0,000000000000000000030000000000ffc186ac96c186ac96
611,611,0,000000000000000000030000000000ffc324c37dc324c37d
612,612,0,000000000000000000030000000000fff25fd276f25fd276
613,613,0,000000000000000000030000000000ff39f5ebe339f5ebe3
614,614,0,000000000000000000030000000000ffe09a54b0e09a54b0
615,615,0,000000000000000000030000000000ff41bb70ec41bb70ec
616,616,0,000000000000000000030000000000ff2b39f0872b39f087
617,617,0,000000000000000000030000000000ffa8d098b4a8d098b4
618,618,0,000000000000000000030000000000ff411aba2e411aba2e
619,619,0,000000000000000000030000000000ff7b63094a7b63094a
620,620,0,000000000000000000030000000000ff25f84bce25f84bce
621,621,0,000000000000000000030000000000ffaf5c5ea4af5c5ea4
622,622,0,000000000000000000030000000000ff52a4154752a41547
623,623,0,000000000000000000030000000000ff5387b4085387b408
624,624,0,000000000000000000030000000000ffe3045ebbe3045ebb
625,625,0,000000000000000000030000000000ff904d9549904d9549
626,626,0,000000000000000000030000000000ffceddec0fceddec0f
627,627,0,000000000000000000030000000000ff147cd738147cd738
628,628,0,000000000000000000030000000000fff4865910f4865910
629,629,0,000000000000000000030000000000ffeaf4b6e6eaf4b6e6
630,630,0,000000000000000000030000000000ffa42aefe2a42aefe2
631,631,0,000000000000000000030000000000ffa7a826f0a7a826f0
632,632,0,000000000000000000030000000000ff26516ee826516ee8
633,633,0,000000000000000000030000000000ff3eb25e653eb25e65
634,634,0,000000000000000000030000000000ffd34df52bd34df52b
635,635,0,000000000000000000030000000000ff1b6dda381b6dda38
636,636,0,000000000000000000030000000000fff3ffcf40f3ffcf40
637,637,0,000000000000000000030000000000ffb93fe4abb93fe4ab
638,638,0,000000000000000000030000000000ffa8f3f3e0a8f3f3e0
639,639,0,000000000000000000030000000000ff3109393131093931
640,640,0,000000000000000000030000000000ffa46bf0f4a46bf0f4
641,641,0,000000000000000000030000000000ff078cb88a078cb88a
642,642,0,000000000000000000030000000000ffdc416832dc416832
643,643,0,000000000000000000030000000000ff4c1b5d654c1b5d65
644,644,0,000000000000000000030000000000ffed33e49bed33e49b
645,645,0,000000000000000000030000000000ffb7b533fbb7b533fb
646,646,0,000000000000000000030000000000ffff5e353dff5e353d
647,647,0,000000000000000000030000000000ffafa50632afa50632
648,648,0,000000000000000000030000000000ff72d72c8572d72c85
649,649,0,000000000000000000030000000000ff11b91b7511b91b75
650,650,0,000000000000000000030000000000ffd638e3f2d638e3f2
651,651,0,000000000000000000030000000000ff8980003989800039
652,652,0,000000000000000000030000000000ffb3a7ffe0b3a7ffe0
653,653,0,000000000000000000030000000000ff3d167ff13d167ff1
654,654,0,000000000000000000030000000000ff62a5a7f862a5a7f8
655,655,0,000000000000000000030000000000ff0887767c0887767c
656,656,0,000000000000000000030000000000ff9b3433a69b3433a6
657,657,0,000000000000000000030000000000ffdbd6a516dbd6a516
658,658,0,000000000000000000030000000000ff4fa9c7254fa9c725
659,659,0,000000000000000000030000000000ffacd1801facd1801f
660,660,0,000000000000000000030000000000ff335a27f1335a27f1
661,661,0,000000000000000000030000000000ff65674e7865674e78
662,662,0,000000000000000000030000000000ff8b1a2c248b1a2c24
663,663,0,000000000000000000030000000000ffc2c34b2fc2c34b2f
664,664,0,000000000000000000030000000000ff32b26eda32b26eda
665,665,0,000000000000000000030000000000ff958dee7f958dee7f
666,666,0,000000000000000000030000000000ff4c61d6274c61d627
667,667,0,000000000000000000030000000000ff3d09098e3d09098e
668,668,0,000000000000000000030000000000ffe2abeba0e2abeba0
669,669,0,000000000000000000030000000000ff5080b4955080b495
670,670,0,000000000000000000030000000000ff12b7aefc12b7aefc
671,671,0,000000000000000000030000000000ff178f526e178f526e
672,672,0,000000000000000000030000000000ff1540a3ee1540a3ee
673,673,0,000000000000000000030000000000ff940ba436940ba436
674,674,0,000000000000000000030000000000ff4cba97a74cba97a7
675,675,0,000000000000000000030000000000ffbd691d56bd691d56
676,676,0,000000000000000000030000000000ff3a9de0813a9de081
677,677,0,000000000000000000030000000000ff1118d1b71118d1b7
678,678,0,000000000000000000030000000000ff86621a3f86621a3f
679,679,0,000000000000000000030000000000ff04a8d34304a8d343
680,680,0,000000000000000000030000000000ff5de11b6a5de11b6a
681,681,0,000000000000000000030000000000ff14d163fc14d163fc
682,682,0,000000000000000000030000000000ff14da583e14da583e
683,683,0,000000000000000000030000000000ff44df766344df7663
684,684,0,000000000000000000030000000000ff59ddb3a859ddb3a8
685,685,0,000000000000000000030000000000ff468cfd11468cfd11
686,686,0,000000000000000000030000000000ffb8d14ea6b8d14ea6
687,687,0,000000000000000000030000000000ffc81a4c46c81a4c46
688,688,0,000000000000000000030000000000ff17737d1817737d18
689,689,0,000000000000000000030000000000ffd53176a2d53176a2
690,690,0,000000000000000000030000000000ffd83453c4d83453c4
691,691,0,000000000000000000030000000000ff0e6693210e669321
692,692,0,000000000000000000030000000000ffa82adf5da82adf5d
693,693,0,000000000000000000030000000000ffe1683da4e1683da4
694,694,0,000000000000000000030000000000ff715d62f7715d62f7
695,695,0,000000000000000000030000000000fff04498abf04498ab
696,696,0,000000000000000000030000000000ff88d9fa2088d9fa20
697,697,0,000000000000000000030000000000ffe31e9d4de31e9d4d
698,698,0,000000000000000000030000000000ffd041588dd041588d
699,699,0,000000000000000000030000000000ff0adb46310adb4631
700,700,0,000000000000000000030000000000ffba3fe884ba3fe884
701,701,0,000000000000000000030000000000ff7943f5357943f535
702,702,0,000000000000000000030000000000ffa4ca3a36a4ca3a36
703,703,0,000000000000000000030000000000ff57d6414757d64147
704,704,0,000000000000000000030000000000ff5169bb485169bb48
705,705,0,000000000000000000030000000000ffa25db9efa25db9ef
706,706,0,000000000000000000030000000000ffc4f4f896c4f4f896
707,707,0,000000000000000000030000000000ffc1cacc3dc1cacc3d
708,708,0,000000000000000000030000000000ffb3063522b3063522
709,709,0,000000000000000000030000000000ff6d4c863c6d4c863c
710,710,0,000000000000000000030000000000ffef8d7482ef8d7482
711,711,0,000000000000000000030000000000ffe6c192f6e6c192f6
712,712,0,000000000000000000030000000000ffb2f32fabb2f32fab
713,713,0,000000000000000000030000000000ffada95ad0ada95ad0
714,714,0,000000000000000000030000000000ff03f1c73a03f1c73a
715,715,0,000000000000000000030000000000ff6e3800116e380011
716,716,0,000000000000000000030000000000ffae007ff6ae007ff6
717,717,0,000000000000000000030000000000ff921fc7fb921fc7fb
718,718,0,000000000000000000030000000000ffefd1e07defd1e07d
719,719,0,000000000000000000030000000000ffe6ea11c6e6ea11c6
720,720,0,000000000000000000030000000000ff82e4560082e45600
721,721,0,000000000000000000030000000000ffc6a3919fc6a3919f
722,722,0,000000000000000000030000000000ff80c40e2980c40e29
723,723,0,000000000000000000030000000000ffa791b809a791b809
724,724,0,000000000000000000030000000000ff964e387b964e387b
725,725,0,000000000000000000030000000000ff6dbc00456dbc0045
726,726,0,000000000000000000030000000000ffdffa3fd9dffa3fd9
727,727,0,000000000000000000030000000000ff7dfd43ee7dfd43ee
728,728,0,000000000000000000030000000000ffa6de8a36a6de8a36
729,729,0,000000000000000000030000000000ff56fd524756fd5247
730,730,0,000000000000000000030000000000ff51ee83f851ee83f8
731,731,0,000000000000000000030000000000ff1216563c1216563c
732,732,0,000000000000000000030000000000ffd7d5b182d7d5b182
733,733,0,000000000000000000030000000000fff9687c26f9687c26
734,734,0,000000000000000000030000000000ff6cdd462e6cdd462e
735,735,0,000000000000000000030000000000ff6f5c888a6f5c888a
736,736,0,000000000000000000030000000000ffeea47332eea47332
737,737,0,000000000000000000030000000000ff5647815556478155
738,738,0,000000000000000000030000000000ffd1b84740d1b84740
739,739,0,000000000000000000030000000000ffaa38582baa38582b
740,740,0,000000000000000000030000000000ff2040566820405668
741,741,0,000000000000000000030000000000ffbddbd1adbddbd1ad
742,742,0,000000000000000000030000000000ff1acfaa331acfaa33
743,743,0,000000000000000000030000000000ff2334d0452334d045
744,744,0,000000000000000000030000000000fffc56dad9fc56dad9
745,745,0,000000000000000000030000000000ff6e11ff3e6e11ff3e
746,746,0,000000000000000000030000000000ff7e161f937e161f93
747,747,0,000000000000000000030000000000ffb71591cfb71591cf
748,748,0,000000000000000000030000000000ffef046e04ef046e04
749,749,0,000000000000000000030000000000ffd68d8e1dd68d8e1d
750,750,0,000000000000000000030000000000ff99d1e01099d1e010
751,751,0,000000000000000000030000000000ffda8a11f6da8a11f6
752,752,0,000000000000000000030000000000ffaf12561baf12561b
753,753,0,000000000000000000030000000000ff1287f1931287f193
754,754,0,000000000000000000030000000000ff8794782f8794782f
755,755,0,000000000000000000030000000000ff144c846a144c846a
756,756,0,000000000000000000030000000000ff349d758c349d758c
757,757,0,000000000000000000030000000000ff76f8926176f89261
758,758,0,000000000000000000030000000000ffd3ec3fe9d3ec3fe9
759,759,0,000000000000000000030000000000ff4b3723f54b3723f5
760,760,0,000000000000000000030000000000ff7ed71c3a7ed71c3a
761,761,0,000000000000000000030000000000ff5779002157790021
762,762,0,000000000000000000030000000000ff8134efed8134efed
763,763,0,000000000000000000030000000000ff4776c6f74776c6f7
764,764,0,000000000000000000030000000000ffe833f0ebe833f0eb
765,765,0,000000000000000000030000000000ffc5653884c5653884
766,766,0,000000000000000000030000000000ff411b3035411b3035
767,767,0,000000000000000000030000000000ffbb63d4e6bb63d4e6
768,768,0,000000000000000000030000000000ff89f828c289f828c2
769,769,0,000000000000000000030000000000ff939c6912939c6912
770,770,0,000000000000000000030000000000ff4f080de74f080de7
771,771,0,000000000000000000030000000000fffc8b79d2fc8b79d2
772,772,0,000000000000000000030000000000ffbe72f48bbe72f48b
773,773,0,000000000000000000030000000000ff8b21aaf28b21aaf2
774,774,0,000000000000000000030000000000ffa2dd3029a2dd3029
775,775,0,000000000000000000030000000000ffb4bcb4e9b4bcb4e9
776,776,0,000000000000000000030000000000ff7eea6ec57eea6ec5
777,777,0,000000000000000000030000000000ff57646e7157646e71
778,778,0,000000000000000000030000000000ffd13b8e20d13b8e20
779,779,0,000000000000000000030000000000ffca71800dca71800d
780,780,0,000000000000000000030000000000ff866027f9866027f9
781,781,0,000000000000000000030000000000ff74a9ee7c74a9ee7c
782,782,0,000000000000000000030000000000ffa2e19626a2e19626
783,783,0,000000000000000000030000000000ff44a12d8e44a12d8e
784,784,0,000000000000000000030000000000ffd9e57be0d9e57be0
785,785,0,000000000000000000030000000000ff0e9315b10e9315b1
786,786,0,000000000000000000030000000000ff385f447c385f447c
787,787,0,000000000000000000030000000000ff8055a9868055a986
788,788,0,000000000000000000030000000000fff7d071a4f7d071a4
789,789,0,000000000000000000030000000000ff7b6ac0377b6ac037
790,790,0,000000000000000000030000000000ff35fc33e735fc33e7
791,791,0,000000000000000000030000000000ffc65e2532c65e2532
792,792,0,000000000000000000030000000000ff40b50f3540b50f35
793,793,0,000000000000000000030000000000ffbbae2896bbae2896
794,794,0,000000000000000000030000000000fff992093df992093d
795,795,0,000000000000000000030000000000ffacafdbf2acafdbf2
796,796,0,000000000000000000030000000000ffb362efb9b362efb9
797,797,0,000000000000000000030000000000ff2d78a6d82d78a6d8
798,798,0,000000000000000000030000000000ff0b9426fe0b9426fe
799,799,0,000000000000000000030000000000ff8a8caeef8a8caeef
800,800,0,000000000000000000030000000000ffd2116266d2116266
801,801,0,000000000000000000030000000000ff3bd658ea3bd658ea
802,802,0,000000000000000000030000000000ffa1a9b604a1a9b604
803,803,0,000000000000000000030000000000fff531bf9df531bf9d
804,804,0,000000000000000000030000000000ff0a343bc80a343bc8
805,805,0,000000000000000000030000000000ff0a46a1a70a46a1a7
806,806,0,000000000000000000030000000000ff9a78c5369a78c536
807,807,0,000000000000000000030000000000ff4b6411374b641137
808,808,0,000000000000000000030000000000ff2efbb6772efbb677
809,809,0,000000000000000000030000000000ff5a6d9fa35a6d9fa3
810,810,0,000000000000000000030000000000ff976fe9d4976fe9d4
811,811,0,000000000000000000030000000000ff3d3ef5883d3ef588
812,812,0,000000000000000000030000000000ff52b36a6352b36a63
813,813,0,000000000000000000030000000000ff538d7c68538d7c68
814,814,0,000000000000000000030000000000ff8301960d8301960d
815,815,0,000000000000000000030000000000ffa64f2d99a64f2d99
816,816,0,000000000000000000030000000000ff06bc9bea06bc9bea
817,817,0,000000000000000000030000000000ffbcca7bb4bcca7bb4
818,818,0,000000000000000000030000000000ff4a56659e4a56659e
819,819,0,000000000000000000030000000000ffce71ab69ce71ab69
820,820,0,000000000000000000030000000000ffc42030fdc42030fd
821,821,0,000000000000000000030000000000ff71ade48e71ade48e
822,822,0,000000000000000000030000000000ffc033d3f0c033d3f0
823,823,0,000000000000000000030000000000ff13e52b3813e52b38
824,824,0,000000000000000000030000000000fff73338d0f73338d0
825,825,0,000000000000000000030000000000ff2b15501a2b15501a
826,826,0,000000000000000000030000000000ff58c402f358c402f3
827,827,0,000000000000000000030000000000ffc611bea9c611bea9
828,828,0,000000000000000000030000000000ff00963b4100963b41
829,829,0,000000000000000000030000000000ffcfbd81ebcfbd81eb
830,830,0,000000000000000000030000000000ffd4dae714d4dae714
831,831,0,000000000000000000030000000000ffd8df2204d8df2204
832,832,0,000000000000000000030000000000ffce1d9cddce1d9cdd
833,833,0,000000000000000000030000000000ff5410e85c5410e85c
834,834,0,000000000000000000030000000000ff90b6855490b68554
835,835,0,000000000000000000030000000000ffbeafd500beafd500
836,836,0,000000000000000000030000000000ffdb42e82fdb42e82f
837,837,0,000000000000000000030000000000ff3feaa56a3feaa56a
838,838,0,000000000000000000030000000000ff23f4071c23f4071c
839,839,0,000000000000000000030000000000ffec3abc00ec3abc00
840,840,0,000000000000000000030000000000fff7210a3ff7210a3f
841,841,0,000000000000000000030000000000ff3b1d6a433b1d6a43
842,842,0,000000000000000000030000000000ff41c09c7a41c09c7a
843,843,0,000000000000000000030000000000ff0b03b8050b03b805
844,844,0,000000000000000000030000000000ffaace187daace187d
845,845,0,000000000000000000030000000000ffc0341246c0341246
846,846,0,000000000000000000030000000000ff13e6b7f813e6b7f8
847,847,0,000000000000000000030000000000ff3732cf7c3732cf7c
848,848,0,000000000000000000030000000000ff8715b4b68715b4b6
849,849,0,000000000000000000030000000000ffc4047eefc4047eef
850,850,0,000000000000000000030000000000fff1bd8766f1bd8766
851,851,0,000000000000000000030000000000ff283ae43a283ae43a
852,852,0,000000000000000000030000000000ff796123a1796123a1
853,853,0,000000000000000000030000000000ff14d97c1514d97c15
854,854,0,000000000000000000030000000000ffb4ded634b4ded634
855,855,0,000000000000000000030000000000ffcedd7986cedd7986
856,856,0,000000000000000000030000000000ffd47c94a4d47c94a4
857,857,0,000000000000000000030000000000ff68867ce768867ce7
858,858,0,000000000000000000030000000000ffed34a642ed34a642
859,859,0,000000000000000000030000000000ff27b6e6ba27b6e6ba
860,860,0,000000000000000000030000000000fffe5fe2c9fe5fe2c9
861,861,0,000000000000000000030000000000ff7f35f0b77f35f0b7
862,862,0,000000000000000000030000000000ffb79658afb79658af
863,863,0,000000000000000000030000000000ff8f4db6228f4db622
864,864,0,000000000000000000030000000000ff70adff8c70adff8c
865,865,0,000000000000000000030000000000ff50a3dfc150a3dfc1
866,866,0,000000000000000000030000000000ff62a42de362a42de3
867,867,0,000000000000000000030000000000ffc887abd0c887abd0
868,868,0,000000000000000000030000000000ff373450aa373450aa
869,869,0,000000000000000000030000000000ffe71692a0e71692a0
870,870,0,000000000000000000030000000000ff5205df855205df85
871,871,0,000000000000000000030000000000ff03dd4dc503dd4dc5
872,872,0,000000000000000000030000000000ff6e2c8dc16e2c8dc1
873,873,0,000000000000000000030000000000ff7e0b71c37e0b71c3
874,874,0,000000000000000000030000000000ffe71af002e71af002
875,875,0,000000000000000000030000000000ff620328fe620328fe
876,876,0,000000000000000000030000000000ffb8de590fb8de590f
877,877,0,000000000000000000030000000000ff281d36e8281d36e8
878,878,0,000000000000000000030000000000ff3970b7e53970b7e5
879,879,0,000000000000000000030000000000ff50d0af7350d0af73
880,880,0,000000000000000000030000000000ff429aa2b1429aa2b1
881,881,0,000000000000000000030000000000ff1a9b048c1a9b048c
882,882,0,000000000000000000030000000000ff631bcdf1631bcdf1
883,883,0,000000000000000000030000000000ff4843a5d84843a5d8
884,884,0,000000000000000000030000000000ff3f5a174e3f5a174e
885,885,0,000000000000000000030000000000ff23a7552c23a7552c
886,886,0,000000000000000000030000000000ffdc16203bdc16203b
887,887,0,000000000000000000030000000000ff0c358de10c358de1
888,888,0,000000000000000000030000000000ff692661d1692661d1
889,889,0,000000000000000000030000000000ff6dfea90a6dfea90a
890,890,0,000000000000000000030000000000ff6fdf41ea6fdf41ea
891,891,0,000000000000000000030000000000ff8eedab148eedab14
892,892,0,000000000000000000030000000000fff067f0c4f067f0c4
893,893,0,000000000000000000030000000000ff18ca789118ca7891
894,894,0,000000000000000000030000000000ff1216643e1216643e
895,895,0,000000000000000000030000000000ff47d5aba347d5aba3
896,896,0,000000000000000000030000000000ff9868709498687094
897,897,0,000000000000000000030000000000ff7a4d40bc7a4d40bc
898,898,0,000000000000000000030000000000ff657d8baa657d8baa
899,899,0,000000000000000000030000000000ffcb16e290cb16e290
900,900,0,000000000000000000030000000000ff76c5e09e76c5e09e
901,901,0,000000000000000000030000000000ffd3f151b9d3f151b9
902,902,0,000000000000000000030000000000ff1b3842381b384238
903,903,0,000000000000000000030000000000fff3d05ac0f3d05ac0
904,904,0,000000000000000000030000000000ff392ad733392ad733
905,905,0,000000000000000000030000000000ff30f8391530f83915
906,906,0,000000000000000000030000000000ffa48c60e4a48c60e4
907,907,0,000000000000000000030000000000ff17f1098317f10983
908,908,0,000000000000000000030000000000ff95786ba695786ba6
909,909,0,000000000000000000030000000000ffdc144c96dc144c96
910,910,0,000000000000000000030000000000ffcc349d7dcc349d7d
911,911,0,000000000000000000030000000000fff526f896f526f896
912,912,0,000000000000000000030000000000ffda3eec3dda3eec3d
913,913,0,000000000000000000030000000000ffbf436722bf436722
914,914,0,000000000000000000030000000000ff6baa7a1c6baa7a1c
915,915,0,000000000000000000030000000000ffcc906550cc906550
916,916,0,000000000000000000030000000000ffb57ecb02b57ecb02
917,917,0,000000000000000000030000000000ff4e1776ce4e1776ce
918,918,0,000000000000000000030000000000ff9c1533f49c1533f4
919,919,0,000000000000000000030000000000ff1834353a1834353a
920,920,0,000000000000000000030000000000ff6266a6316266a631
921,921,0,000000000000000000030000000000ff88eac68488eac684
922,922,0,000000000000000000030000000000ff630430d5630430d5
923,923,0,000000000000000000030000000000ff484da498484da498
924,924,0,000000000000000000030000000000ff7f5df7fa7f5df7fa
925,925,0,000000000000000000030000000000ff97a4db7d97a4db7d
926,926,0,000000000000000000030000000000ffdd57dff6dd57dff6
927,927,0,000000000000000000030000000000ffac816dfbac816dfb
928,928,0,000000000000000000030000000000fff3775fddf3775fdd
929,929,0,000000000000000000030000000000ff497325ec497325ec
930,930,0,000000000000000000030000000000ff2fd15f572fd15f57
931,931,0,000000000000000000030000000000ff7aea45a17aea45a1
932,932,0,000000000000000000030000000000ff1524797515247975
933,933,0,000000000000000000030000000000ffd43f84d2d43f84d2
934,934,0,000000000000000000030000000000ffa8a3c5dba8a3c5db
935,935,0,000000000000000000030000000000ffd124214fd124214f
936,936,0,000000000000000000030000000000ff5a7fad4c5a7fad4c
937,937,0,000000000000000000030000000000ff8767d38d8767d38d
938,938,0,000000000000000000030000000000ff243a6b01243a6b01
939,939,0,000000000000000000030000000000ff9fa16ccf9fa16ccf
940,940,0,000000000000000000030000000000fff9d55f54f9d55f54
941,941,0,000000000000000000030000000000ff8c8805a08c8805a0
942,942,0,000000000000000000030000000000ff61737d7561737d75
943,943,0,000000000000000000030000000000ffe9517692e9517692
944,944,0,000000000000000000030000000000fff5c253dff5c253df
945,945,0,000000000000000000030000000000ffda42f32dda42f32d
946,946,0,000000000000000000030000000000ffaf7aa95baf7aa95b
947,947,0,000000000000000000030000000000ff52b501c752b501c7
948,948,0,000000000000000000030000000000ffd38e2f00d38e2f00
949,949,0,000000000000000000030000000000ffeb000a8feb000a8f
950,950,0,000000000000000000030000000000ff84cffa1084cffa10
951,951,0,000000000000000000030000000000ffd5d4fd56d5d4fd56
952,952,0,000000000000000000030000000000ff0848ce810848ce81
953,953,0,000000000000000000030000000000ff0b5f14570b5f1457
954,954,0,000000000000000000030000000000ff6ae584916ae58491
955,955,0,000000000000000000030000000000ff2c2365fe2c2365fe
956,956,0,000000000000000000030000000000ff9b2c7b5f9b2c7b5f
957,957,0,000000000000000000030000000000ff6bdb05e56bdb05e5
958,958,0,000000000000000000030000000000ff7cafcd537cafcd53
959,959,0,000000000000000000030000000000ff7662e5837662e583
960,960,0,000000000000000000030000000000ffa3a8a366a3a8a366
961,961,0,000000000000000000030000000000ff0411247a0411247a
962,962,0,000000000000000000030000000000ff2db67f852db67f85
963,963,0,000000000000000000030000000000ff3bffa7c53bffa7c5
964,964,0,000000000000000000030000000000ff71bfd66171bfd661
965,965,0,000000000000000000030000000000ffd03be9a9d03be9a9
966,966,0,000000000000000000030000000000ff0ae1b5b10ae1b5b1
967,967,0,000000000000000000030000000000ff3a213e7c3a213e7c
968,968,0,000000000000000000030000000000ff814d7326814d7326
969,969,0,000000000000000000030000000000ff574d915e574d915e
970,970,0,000000000000000000030000000000ff012dee45012dee45
971,971,0,000000000000000000030000000000ffef7bd639ef7bd639
972,972,0,000000000000000000030000000000ff86b5a98086b5a980
973,973,0,000000000000000000030000000000ff44ce71a744ce71a7
974,974,0,000000000000000000030000000000ffb9d42036b9d42036
975,975,0,000000000000000000030000000000ff5888ade75888ade7
976,976,0,000000000000000000030000000000fff63323d2f63323d2
977,977,0,000000000000000000030000000000ffbb855c2bbb855c2b
978,978,0,000000000000000000030000000000ff2985042829850428
979,979,0,000000000000000000030000000000fff9a52da9f9a52da9
980,980,0,000000000000000000030000000000ff1cb73bf11cb73bf1
981,981,0,000000000000000000030000000000ff706f11b8706f11b8
982,982,0,000000000000000000030000000000ff40ce863840ce8638
983,983,0,000000000000000000030000000000ffdb945480db945480
984,984,0,000000000000000000030000000000ff6f8c90f76f8c90f7
985,985,0,000000000000000000030000000000fffec17e8bfec17e8b
986,986,0,000000000000000000030000000000ffaf735752af735752
987,987,0,000000000000000000030000000000ff12b1612312b16123
988,988,0,000000000000000000030000000000ff378c597c378c597c
989,989,0,000000000000000000030000000000ff874116d6874116d6
990,990,0,000000000000000000030000000000ffa42b65f9a42b65f9
991,991,0,000000000000000000030000000000ff67a8fb5c67a8fb5c
992,992,0,000000000000000000030000000000ff8a510de48a510de4
993,993,0,000000000000000000030000000000ff027269d3027269d3
994,994,0,000000000000000000030000000000ffcee1ed8bcee1ed8b
995,995,0,000000000000000000030000000000ffb46117e2b46117e2
996,996,0,000000000000000000030000000000ffae896570ae896570
997,997,0,000000000000000000030000000000ffa253db10a253db10
998,998,0,000000000000000000030000000000ffc4f32fc6c4f32fc6
999,999,0,000000000000000000030000000000ff91c95ae091c95ae0
1000,1000,0,000000000000000000030000000000ff2e07c7212e07c721
1001,1001,0,000000000000000000030000000000ffba1c601dba1c601d
1002,1002,0,000000000000000000030000000000ffa95009f0a95009f0
1003,1003,0,000000000000000000030000000000ff21c2fb9821c2fb98
1004,1004,0,000000000000000000030000000000ff4d02ad8a4d02ad8a
1005,1005,0,000000000000000000030000000000fffdae83e2fdae83e2
1006,1006,0,000000000000000000030000000000ff8ef256308ef25630
1007,1007,0,000000000000000000030000000000fff069f184f069f184
1008,1008,0,000000000000000000030000000000ff58cd982558cd9825
1009,1009,0,000000000000000000030000000000ffa615ea6fa615ea6f
1010,1010,0,000000000000000000030000000000ff4694546e4694546e
1011,1011,0,000000000000000000030000000000ff38dc908e38dc908e
1012,1012,0,000000000000000000030000000000ffe01c7eb0e01c7eb0
1013,1013,0,000000000000000000030000000000ff41f0074c41f0074c
1014,1014,0,000000000000000000030000000000ff8b18fc2d8b18fc2d
1015,1015,0,000000000000000000030000000000ff82c20e2b82c20e2b
1016,1016,0,000000000000000000030000000000ff36b2d80836b2d808
1017,1017,0,000000000000000000030000000000ffd7cdbe7bd7cdbe7b
1018,1018,0,000000000000000000030000000000ff4965fb254965fb25
1019,1019,0,000000000000000000030000000000ffafdb5ddfafdb5ddf
1020,1020,0,000000000000000000030000000000fff2efe4cdf2efe4cd
1021,1021,0,000000000000000000030000000000ff59a6f3d559a6f3d5
1022,1022,0,000000000000000000030000000000ff56b6e92856b6e928
1023,1023,0,000000000000000000030000000000ffc1cfe5f9c1cfe5f9
